,PAINTING_INDEX,IMG_SRC,PAINTING_TITLE,SEASON,EPISODE,NUM_COLORS,YOUTUBE_SRC,COLORS,COLOR_HEX,BLACK_GESSO,BRIGHT_RED,BURNT_UMBER,CADMIUM_YELLOW,DARK_SIENNA,INDIAN_RED,INDIAN_YELLOW,LIQUID_BLACK,LIQUID_CLEAR,MIDNIGHT_BLACK,PHTHALO_BLUE,PHTHALO_GREEN,PRUSSIAN_BLUE,SAP_GREEN,TITANIUM_WHITE,VAN_DYKE_BROWN,YELLOW_OCHRE,ALIZARIN_CRIMSON
1,282,HTTPS://WWW.TWOINCHBRUSH.COM/IMAGES/PAINTING282.PNG,A WALK IN THE WOODS,1,1,8,HTTPS://WWW.YOUTUBE.COM/EMBED/OH5P5F5_-7A,0,1,0,1,0,0,0,0,0,0,0,1,1,1,1,1,0,1
2,283,HTTPS://WWW.TWOINCHBRUSH.COM/IMAGES/PAINTING283.PNG,MT. MCKINLEY,1,2,8,HTTPS://WWW.YOUTUBE.COM/EMBED/RINDWHYCELU,0,1,0,1,0,0,0,0,0,0,0,1,1,1,1,1,0,1
3,284,HTTPS://WWW.TWOINCHBRUSH.COM/IMAGES/PAINTING284.PNG,EBONY SUNSET,1,3,9,HTTPS://WWW.YOUTUBE.COM/EMBED/UOZIR7POVCO,1,1,0,1,0,0,0,0,0,0,0,1,1,1,1,1,0,1
4,285,HTTPS://WWW.TWOINCHBRUSH.COM/IMAGES/PAINTING285.PNG,WINTER MIST,1,4,3,HTTPS://WWW.YOUTUBE.COM/EMBED/0PWOIXRIKN4,0,0,0,0,0,0,0,0,0,0,0,0,1,0,1,1,0,0
5,286,HTTPS://WWW.TWOINCHBRUSH.COM/IMAGES/PAINTING286.PNG,QUIET STREAM,1,5,8,HTTPS://WWW.YOUTUBE.COM/EMBED/DFSIQNJKRFK,0,1,0,1,0,0,0,0,0,0,0,1,1,1,1,1,0,1
6,287,HTTPS://WWW.TWOINCHBRUSH.COM/IMAGES/PAINTING287.PNG,WINTER MOON,1,6,4,HTTPS://WWW.YOUTUBE.COM/EMBED/LOAZRUZX1WI,1,0,0,0,0,0,0,0,0,0,0,0,1,0,1,1,0,0
7,288,HTTPS://WWW.TWOINCHBRUSH.COM/IMAGES/PAINTING288.PNG,AUTUMN MOUNTAIN,1,7,8,HTTPS://WWW.YOUTUBE.COM/EMBED/SDDPC8UISD0,0,1,0,1,0,0,0,0,0,0,0,1,1,1,1,1,0,1
8,289,HTTPS://WWW.TWOINCHBRUSH.COM/IMAGES/PAINTING289.PNG,PEACEFUL VALLEY,1,8,8,HTTPS://WWW.YOUTUBE.COM/EMBED/KQLFWTOKYZG,0,1,0,1,0,0,0,0,0,0,0,1,1,1,1,1,0,1
9,290,HTTPS://WWW.TWOINCHBRUSH.COM/IMAGES/PAINTING290.PNG,SEASCAPE,1,9,8,HTTPS://WWW.YOUTUBE.COM/EMBED/QXCS7P1VHYQ,0,1,0,1,0,0,0,0,0,0,0,1,1,1,1,1,0,1
10,291,HTTPS://WWW.TWOINCHBRUSH.COM/IMAGES/PAINTING291.PNG,MOUNTAIN LAKE,1,10,8,HTTPS://WWW.YOUTUBE.COM/EMBED/WDNLLYWAL5I,0,1,0,1,0,0,0,0,0,0,0,1,1,1,1,1,0,1
11,292,HTTPS://WWW.TWOINCHBRUSH.COM/IMAGES/PAINTING292.PNG,WINTER GLOW,1,11,8,HTTPS://WWW.YOUTUBE.COM/EMBED/Q03YVKNOVE0,0,1,0,1,0,0,0,0,0,0,0,1,1,1,1,1,0,1
12,293,HTTPS://WWW.TWOINCHBRUSH.COM/IMAGES/PAINTING293.PNG,SNOW FALL,1,12,4,HTTPS://WWW.YOUTUBE.COM/EMBED/4E35-8X_Y04,0,0,0,0,0,0,0,0,0,0,0,0,1,0,1,1,0,1
13,294,HTTPS://WWW.TWOINCHBRUSH.COM/IMAGES/PAINTING294.PNG,FINAL REFLECTIONS,1,13,8,HTTPS://WWW.YOUTUBE.COM/EMBED/IEQWFSZFRLA,0,1,0,1,0,0,0,0,0,0,0,1,1,1,1,1,0,1
14,269,HTTPS://WWW.TWOINCHBRUSH.COM/IMAGES/PAINTING269.PNG,MEADOW LAKE,2,1,12,HTTPS://WWW.YOUTUBE.COM/EMBED/GARWOWI0QXI,0,1,1,1,0,0,1,0,0,0,1,1,1,1,1,1,1,1
15,270,HTTPS://WWW.TWOINCHBRUSH.COM/IMAGES/PAINTING270.PNG,WINTER SUN,2,2,12,HTTPS://WWW.YOUTUBE.COM/EMBED/VPFYRJ4DDCO,0,1,1,1,0,0,1,0,0,0,1,1,1,1,1,1,1,1
16,271,HTTPS://WWW.TWOINCHBRUSH.COM/IMAGES/PAINTING271.PNG,EBONY SEA,2,3,13,HTTPS://WWW.YOUTUBE.COM/EMBED/AOJSKNZO3I8,1,1,1,1,0,0,1,0,0,0,1,1,1,1,1,1,1,1
17,272,HTTPS://WWW.TWOINCHBRUSH.COM/IMAGES/PAINTING272.PNG,SHADES OF GREY,2,4,3,HTTPS://WWW.YOUTUBE.COM/EMBED/I-OUSB8-SD0,0,0,0,0,0,0,0,0,0,0,0,0,1,0,1,1,0,0
18,273,HTTPS://WWW.TWOINCHBRUSH.COM/IMAGES/PAINTING273.PNG,AUTUMN SPLENDOR,2,5,11,HTTPS://WWW.YOUTUBE.COM/EMBED/RTTWW5GD79I,0,1,1,1,0,0,0,0,0,0,1,1,1,1,1,1,1,1
19,274,HTTPS://WWW.TWOINCHBRUSH.COM/IMAGES/PAINTING274.PNG,BLACK RIVER,2,6,11,HTTPS://WWW.YOUTUBE.COM/EMBED/6O4SFJD8G_M,0,1,1,1,0,0,0,0,0,0,1,1,1,1,1,1,1,1
20,275,HTTPS://WWW.TWOINCHBRUSH.COM/IMAGES/PAINTING275.PNG,BROWN MOUNTAIN,2,7,11,HTTPS://WWW.YOUTUBE.COM/EMBED/VX6V47GHBWM,0,1,1,1,0,0,0,0,0,0,1,1,1,1,1,1,1,1
21,276,HTTPS://WWW.TWOINCHBRUSH.COM/IMAGES/PAINTING276.PNG,REFLECTIONS,2,8,12,HTTPS://WWW.YOUTUBE.COM/EMBED/0FYFO94QEFG,0,1,1,1,0,0,1,0,0,0,1,1,1,1,1,1,1,1
22,277,HTTPS://WWW.TWOINCHBRUSH.COM/IMAGES/PAINTING277.PNG,BLACK AND WHITE SEASCAPE,2,9,12,HTTPS://WWW.YOUTUBE.COM/EMBED/PMDYPRE0PUO,1,1,0,1,0,0,1,0,0,0,1,1,1,1,1,1,1,1
23,278,HTTPS://WWW.TWOINCHBRUSH.COM/IMAGES/PAINTING278.PNG,LAZY RIVER,2,10,12,HTTPS://WWW.YOUTUBE.COM/EMBED/BW2WKKFVH1G,0,1,1,1,0,0,1,0,0,0,1,1,1,1,1,1,1,1
24,279,HTTPS://WWW.TWOINCHBRUSH.COM/IMAGES/PAINTING279.PNG,BLACK WATERFALL,2,11,12,HTTPS://WWW.YOUTUBE.COM/EMBED/GZSQJYQUPZQ,1,0,1,1,0,0,1,0,0,0,1,1,1,1,1,1,1,1
25,280,HTTPS://WWW.TWOINCHBRUSH.COM/IMAGES/PAINTING280.PNG,MOUNTAIN WATERFALL,2,12,12,HTTPS://WWW.YOUTUBE.COM/EMBED/9JIT95PCFAA,0,1,1,1,0,0,1,0,0,0,1,1,1,1,1,1,1,1
26,281,HTTPS://WWW.TWOINCHBRUSH.COM/IMAGES/PAINTING281.PNG,FINAL GRACE,2,13,12,HTTPS://WWW.YOUTUBE.COM/EMBED/MIJ19KZ_I3Y,0,1,1,1,0,0,1,0,0,0,1,1,1,1,1,1,1,1
27,256,HTTPS://WWW.TWOINCHBRUSH.COM/IMAGES/PAINTING256.PNG,MOUNTAIN RETREAT,3,1,12,HTTPS://WWW.YOUTUBE.COM/EMBED/HOIMK4S8JOQ,0,1,1,1,0,0,1,0,0,0,1,1,1,1,1,1,1,1
28,257,HTTPS://WWW.TWOINCHBRUSH.COM/IMAGES/PAINTING257.PNG,BLUE MOON,3,2,12,HTTPS://WWW.YOUTUBE.COM/EMBED/LOIT61VLUMC,0,1,1,1,0,0,1,0,0,0,1,1,1,1,1,1,1,1
29,258,HTTPS://WWW.TWOINCHBRUSH.COM/IMAGES/PAINTING258.PNG,BUBBLING STREAM,3,3,12,HTTPS://WWW.YOUTUBE.COM/EMBED/FUFALEXVN0K,0,1,1,1,0,0,1,0,0,0,1,1,1,1,1,1,1,1
30,259,HTTPS://WWW.TWOINCHBRUSH.COM/IMAGES/PAINTING259.PNG,WINTER NIGHT,3,4,7,HTTPS://WWW.YOUTUBE.COM/EMBED/8YSFKNYWHAE,0,1,0,1,0,0,0,1,0,0,0,1,0,0,1,1,0,1
31,260,HTTPS://WWW.TWOINCHBRUSH.COM/IMAGES/PAINTING260.PNG,DISTANT HILLS,3,5,7,HTTPS://WWW.YOUTUBE.COM/EMBED/8ZGE88TVWJE,0,0,1,1,0,0,0,0,0,0,0,0,0,1,1,1,1,1
32,261,HTTPS://WWW.TWOINCHBRUSH.COM/IMAGES/PAINTING261.PNG,COVERED BRIDGE,3,6,10,HTTPS://WWW.YOUTUBE.COM/EMBED/OHSM8KLE7JS,0,1,1,1,0,0,0,0,0,1,0,0,1,1,1,1,1,1
33,262,HTTPS://WWW.TWOINCHBRUSH.COM/IMAGES/PAINTING262.PNG,QUIET INLET,3,7,10,HTTPS://WWW.YOUTUBE.COM/EMBED/9N5IWKZYIYU,0,0,1,1,0,0,0,0,0,0,1,1,1,1,1,1,1,1
34,263,HTTPS://WWW.TWOINCHBRUSH.COM/IMAGES/PAINTING263.PNG,NIGHT LIGHT,3,8,9,HTTPS://WWW.YOUTUBE.COM/EMBED/L141Y0X8OM0,1,0,1,1,0,0,0,0,0,0,0,1,0,1,1,1,1,1
35,264,HTTPS://WWW.TWOINCHBRUSH.COM/IMAGES/PAINTING264.PNG,THE OLD MILL,3,9,10,HTTPS://WWW.YOUTUBE.COM/EMBED/OFKFUJ9EDNS,0,1,1,1,0,0,0,0,0,0,1,0,1,1,1,1,1,1
36,265,HTTPS://WWW.TWOINCHBRUSH.COM/IMAGES/PAINTING265.PNG,CAMPFIRE,3,10,8,HTTPS://WWW.YOUTUBE.COM/EMBED/L5BXKI0-PEG,1,1,1,1,0,0,1,0,0,0,0,0,0,0,0,1,1,1
37,266,HTTPS://WWW.TWOINCHBRUSH.COM/IMAGES/PAINTING266.PNG,RUSTIC BARN,3,11,12,HTTPS://WWW.YOUTUBE.COM/EMBED/WJJWRNFHUUG,0,1,1,1,0,0,1,0,0,0,1,1,1,1,1,1,1,1
38,267,HTTPS://WWW.TWOINCHBRUSH.COM/IMAGES/PAINTING267.PNG,HIDDEN LAKE,3,12,10,HTTPS://WWW.YOUTUBE.COM/EMBED/P_DAQKFBNAC,0,1,1,1,0,0,0,0,0,0,1,0,1,1,1,1,1,1
39,268,HTTPS://WWW.TWOINCHBRUSH.COM/IMAGES/PAINTING268.PNG,PEACEFUL WATERS,3,13,9,HTTPS://WWW.YOUTUBE.COM/EMBED/Z0VTJRLQXCQ,0,0,0,1,0,0,0,0,0,0,1,1,1,1,1,1,1,1
40,243,HTTPS://WWW.TWOINCHBRUSH.COM/IMAGES/PAINTING243.PNG,PURPLE SPLENDOR,4,1,4,HTTPS://WWW.YOUTUBE.COM/EMBED/HP4GFMGSNVE,0,0,0,0,0,0,0,0,0,0,1,0,0,0,1,1,0,1
41,244,HTTPS://WWW.TWOINCHBRUSH.COM/IMAGES/PAINTING244.PNG,TRANQUIL VALLEY,4,2,10,HTTPS://WWW.YOUTUBE.COM/EMBED/PBCHOOWWCZS,0,1,1,1,0,0,1,0,0,0,1,0,0,1,1,1,1,1
42,245,HTTPS://WWW.TWOINCHBRUSH.COM/IMAGES/PAINTING245.PNG,MAJESTIC MOUNTAINS,4,3,12,HTTPS://WWW.YOUTUBE.COM/EMBED/NCVERLPU_5W,0,1,1,1,0,0,1,0,0,0,1,1,1,1,1,1,1,1
43,246,HTTPS://WWW.TWOINCHBRUSH.COM/IMAGES/PAINTING246.PNG,WINTER SAWSCAPE,4,4,7,HTTPS://WWW.YOUTUBE.COM/EMBED/LMKAWKRONME,1,1,1,1,0,0,0,0,0,1,0,0,1,0,1,0,0,0
44,247,HTTPS://WWW.TWOINCHBRUSH.COM/IMAGES/PAINTING247.PNG,EVENING SEASCAPE,4,5,10,HTTPS://WWW.YOUTUBE.COM/EMBED/Y5K4GXW_-YI,1,1,1,1,0,0,0,0,0,0,1,1,1,0,1,1,0,1
45,248,HTTPS://WWW.TWOINCHBRUSH.COM/IMAGES/PAINTING248.PNG,WARM SUMMER DAY,4,6,11,HTTPS://WWW.YOUTUBE.COM/EMBED/GBN9AIW3AO4,0,1,1,1,0,0,1,0,0,0,1,0,1,1,1,1,1,1
46,249,HTTPS://WWW.TWOINCHBRUSH.COM/IMAGES/PAINTING249.PNG,CABIN IN THE WOODS,4,7,11,HTTPS://WWW.YOUTUBE.COM/EMBED/81QKELLPA70,0,1,1,1,0,0,1,0,0,0,1,1,0,1,1,1,1,1
47,250,HTTPS://WWW.TWOINCHBRUSH.COM/IMAGES/PAINTING250.PNG,WETLANDS,4,8,10,HTTPS://WWW.YOUTUBE.COM/EMBED/2FPVYGANPWM,0,1,1,1,0,0,1,0,0,0,0,0,1,1,1,1,1,1
48,251,HTTPS://WWW.TWOINCHBRUSH.COM/IMAGES/PAINTING251.PNG,COOL WATERS,4,9,12,HTTPS://WWW.YOUTUBE.COM/EMBED/TJRVBCQQD5A,0,1,1,1,0,0,1,0,0,0,1,1,1,1,1,1,1,1
49,252,HTTPS://WWW.TWOINCHBRUSH.COM/IMAGES/PAINTING252.PNG,QUIET WOODS,4,10,11,HTTPS://WWW.YOUTUBE.COM/EMBED/WIZX57I4ADS,0,1,1,1,0,0,1,0,0,0,1,1,0,1,1,1,1,1
50,253,HTTPS://WWW.TWOINCHBRUSH.COM/IMAGES/PAINTING253.PNG,NORTHWEST MAJESTY,4,11,10,HTTPS://WWW.YOUTUBE.COM/EMBED/9DU6BUNVD_G,0,1,1,1,0,0,1,1,0,0,0,0,1,1,1,1,0,1
51,254,HTTPS://WWW.TWOINCHBRUSH.COM/IMAGES/PAINTING254.PNG,AUTUMN DAYS,4,12,12,HTTPS://WWW.YOUTUBE.COM/EMBED/VADMKF-AAPM,0,1,1,1,0,0,1,0,0,0,1,1,1,1,1,1,1,1
52,255,HTTPS://WWW.TWOINCHBRUSH.COM/IMAGES/PAINTING255.PNG,MOUNTAIN CHALLENGE,4,13,10,HTTPS://WWW.YOUTUBE.COM/EMBED/O2CJLA_WGIK,0,0,0,1,0,0,1,0,0,0,1,1,1,1,1,1,1,1
53,230,HTTPS://WWW.TWOINCHBRUSH.COM/IMAGES/PAINTING230.PNG,MOUNTAIN WATERFALL,5,1,11,HTTPS://WWW.YOUTUBE.COM/EMBED/DQHZXDKDQS0,0,1,1,1,0,0,1,0,0,0,1,1,0,1,1,1,1,1
54,231,HTTPS://WWW.TWOINCHBRUSH.COM/IMAGES/PAINTING231.PNG,TWILIGHT MEADOW,5,2,12,HTTPS://WWW.YOUTUBE.COM/EMBED/6EVQNLOO7BW,1,1,1,1,0,0,1,0,0,0,1,1,0,1,1,1,1,1
55,232,HTTPS://WWW.TWOINCHBRUSH.COM/IMAGES/PAINTING232.PNG,MOUNTAIN BLOSSOMS,5,3,5,HTTPS://WWW.YOUTUBE.COM/EMBED/UVHHSTJAJZC,0,0,0,0,0,0,0,1,0,0,1,1,0,0,1,0,0,1
56,233,HTTPS://WWW.TWOINCHBRUSH.COM/IMAGES/PAINTING233.PNG,WINTER STILLNESS,5,4,7,HTTPS://WWW.YOUTUBE.COM/EMBED/QG9C1SQDRKO,0,0,1,0,0,0,1,0,0,0,1,0,0,1,1,1,0,1
57,234,HTTPS://WWW.TWOINCHBRUSH.COM/IMAGES/PAINTING234.PNG,QUIET POND,5,5,10,HTTPS://WWW.YOUTUBE.COM/EMBED/AIK9XOIJTV8,0,1,1,1,0,0,1,0,0,0,1,0,0,1,1,1,1,1
58,235,HTTPS://WWW.TWOINCHBRUSH.COM/IMAGES/PAINTING235.PNG,OCEAN SUNRISE,5,6,6,HTTPS://WWW.YOUTUBE.COM/EMBED/U0BZ6TNUK1Q,0,0,0,0,0,0,1,1,0,0,0,0,1,0,1,1,0,1
59,236,HTTPS://WWW.TWOINCHBRUSH.COM/IMAGES/PAINTING236.PNG,BUBBLING BROOK,5,7,10,HTTPS://WWW.YOUTUBE.COM/EMBED/LIKCZEQN-KG,0,1,1,1,0,0,1,0,0,0,1,0,0,1,1,1,1,1
60,237,HTTPS://WWW.TWOINCHBRUSH.COM/IMAGES/PAINTING237.PNG,ARIZONA SPLENDOR,5,8,9,HTTPS://WWW.YOUTUBE.COM/EMBED/SPFWCH2616S,0,0,1,1,0,0,1,0,0,0,1,0,0,1,1,1,1,1
61,238,HTTPS://WWW.TWOINCHBRUSH.COM/IMAGES/PAINTING238.PNG,ANATOMY OF A WAVE,5,9,6,HTTPS://WWW.YOUTUBE.COM/EMBED/DFQLU6EQRBO,0,0,0,1,0,0,0,0,1,0,1,1,0,0,1,0,0,1
62,239,HTTPS://WWW.TWOINCHBRUSH.COM/IMAGES/PAINTING239.PNG,THE WINDMILL,5,10,11,HTTPS://WWW.YOUTUBE.COM/EMBED/XJ8XSTSKBUK,1,1,1,0,0,0,0,0,0,0,1,1,1,1,1,1,1,1
63,240,HTTPS://WWW.TWOINCHBRUSH.COM/IMAGES/PAINTING240.PNG,AUTUMN GLORY,5,11,8,HTTPS://WWW.YOUTUBE.COM/EMBED/YTZLM_T0RMY,0,0,1,1,0,0,1,0,0,0,0,0,1,1,1,1,0,1
64,241,HTTPS://WWW.TWOINCHBRUSH.COM/IMAGES/PAINTING241.PNG,INDIAN GIRL,5,12,5,HTTPS://WWW.YOUTUBE.COM/EMBED/2UXMX8KJS8I,0,1,1,0,0,0,1,0,0,0,0,0,1,0,1,0,0,0
65,242,HTTPS://WWW.TWOINCHBRUSH.COM/IMAGES/PAINTING242.PNG,MEADOW STREAM,5,13,11,HTTPS://WWW.YOUTUBE.COM/EMBED/87MMBN1BQCS,0,1,1,1,0,0,1,0,0,0,1,1,0,1,1,1,1,1
66,217,HTTPS://WWW.TWOINCHBRUSH.COM/IMAGES/PAINTING217.PNG,BLUE RIVER,6,1,12,HTTPS://WWW.YOUTUBE.COM/EMBED/LYGUYAB78OY,1,1,1,1,0,0,1,0,0,0,1,0,1,1,1,1,1,1
67,218,HTTPS://WWW.TWOINCHBRUSH.COM/IMAGES/PAINTING218.PNG,NATURE'S EDGE,6,2,11,HTTPS://WWW.YOUTUBE.COM/EMBED/BCQYZO85A1O,0,1,1,1,0,0,1,0,0,0,1,0,1,1,1,1,1,1
68,219,HTTPS://WWW.TWOINCHBRUSH.COM/IMAGES/PAINTING219.PNG,MORNING MIST,6,3,10,HTTPS://WWW.YOUTUBE.COM/EMBED/WBZRERAE74K,0,1,1,1,0,0,1,0,0,0,1,0,0,1,1,1,1,1
69,220,HTTPS://WWW.TWOINCHBRUSH.COM/IMAGES/PAINTING220.PNG,WHISPERING STREAM,6,4,11,HTTPS://WWW.YOUTUBE.COM/EMBED/QGLIJLQSUDU,0,1,1,1,0,0,1,0,0,0,1,0,1,1,1,1,1,1
70,221,HTTPS://WWW.TWOINCHBRUSH.COM/IMAGES/PAINTING221.PNG,SECLUDED FOREST,6,5,12,HTTPS://WWW.YOUTUBE.COM/EMBED/USKDUOFWJOK,1,1,1,1,0,0,1,0,0,0,1,1,0,1,1,1,1,1
71,222,HTTPS://WWW.TWOINCHBRUSH.COM/IMAGES/PAINTING222.PNG,SNOW TRAIL,6,6,8,HTTPS://WWW.YOUTUBE.COM/EMBED/N9ESFFTWZNE,0,0,1,1,0,0,0,0,0,0,1,1,0,0,1,1,1,1
72,223,HTTPS://WWW.TWOINCHBRUSH.COM/IMAGES/PAINTING223.PNG,ARCTIC BEAUTY,6,7,11,HTTPS://WWW.YOUTUBE.COM/EMBED/UQ-RTZCOQN0,0,1,1,1,0,0,1,0,0,0,1,1,0,1,1,1,1,1
73,224,HTTPS://WWW.TWOINCHBRUSH.COM/IMAGES/PAINTING224.PNG,HORIZONS WEST,6,8,7,HTTPS://WWW.YOUTUBE.COM/EMBED/M6UM-RN2D6S,0,1,0,1,0,0,1,0,0,0,0,0,1,0,1,1,0,1
74,225,HTTPS://WWW.TWOINCHBRUSH.COM/IMAGES/PAINTING225.PNG,HIGH CHATEAU,6,9,11,HTTPS://WWW.YOUTUBE.COM/EMBED/DAFH8KS9ZWW,0,1,1,1,0,0,1,0,0,0,1,1,0,1,1,1,1,1
75,226,HTTPS://WWW.TWOINCHBRUSH.COM/IMAGES/PAINTING226.PNG,COUNTRY LIFE,6,10,10,HTTPS://WWW.YOUTUBE.COM/EMBED/J8JF7QVKLGQ,0,1,1,1,0,0,1,0,0,0,0,0,1,1,1,1,1,1
76,227,HTTPS://WWW.TWOINCHBRUSH.COM/IMAGES/PAINTING227.PNG,WESTERN EXPANSE,6,11,11,HTTPS://WWW.YOUTUBE.COM/EMBED/MTINKV5ODJK,0,1,1,1,0,0,1,0,0,0,1,1,0,1,1,1,1,1
77,228,HTTPS://WWW.TWOINCHBRUSH.COM/IMAGES/PAINTING228.PNG,MARSHLANDS,6,12,11,HTTPS://WWW.YOUTUBE.COM/EMBED/UGIWI8UIZPG,1,1,1,1,0,0,1,0,0,0,1,0,0,1,1,1,1,1
78,229,HTTPS://WWW.TWOINCHBRUSH.COM/IMAGES/PAINTING229.PNG,BLAZE OF COLOR,6,13,11,HTTPS://WWW.YOUTUBE.COM/EMBED/SE7WOPRXRGS,0,1,1,1,0,0,1,0,0,0,1,1,0,1,1,1,1,1
79,203,HTTPS://WWW.TWOINCHBRUSH.COM/IMAGES/PAINTING203.PNG,WINTER CABIN,7,1,6,HTTPS://WWW.YOUTUBE.COM/EMBED/KDLHV6CEI_GW,0,1,0,0,1,0,0,0,0,0,0,0,1,0,1,1,1,0
80,204,HTTPS://WWW.TWOINCHBRUSH.COM/IMAGES/PAINTING204.PNG,SECLUDED LAKE,7,2,12,HTTPS://WWW.YOUTUBE.COM/EMBED/2OXSJCFVPOU,0,1,0,1,1,0,1,0,0,1,1,1,0,1,1,1,1,1
81,205,HTTPS://WWW.TWOINCHBRUSH.COM/IMAGES/PAINTING205.PNG,EVERGREENS AT SUNSET,7,3,7,HTTPS://WWW.YOUTUBE.COM/EMBED/YQPEY3HYGO8,0,1,0,1,0,0,1,0,0,1,0,0,0,1,1,0,0,1
82,206,HTTPS://WWW.TWOINCHBRUSH.COM/IMAGES/PAINTING206.PNG,MOUNTAIN CABIN,7,4,12,HTTPS://WWW.YOUTUBE.COM/EMBED/E3IAMVO8GYM,0,1,0,1,1,0,1,0,0,1,1,1,0,1,1,1,1,1
83,208,HTTPS://WWW.TWOINCHBRUSH.COM/IMAGES/PAINTING208.PNG,PORTRAIT OF SALLY,7,5,8,HTTPS://WWW.YOUTUBE.COM/EMBED/MHJB0IBNUD4,0,1,0,1,1,0,1,0,0,0,1,0,0,0,1,0,1,1
84,209,HTTPS://WWW.TWOINCHBRUSH.COM/IMAGES/PAINTING209.PNG,MISTY WATERFALL,7,6,11,HTTPS://WWW.YOUTUBE.COM/EMBED/530_CVMEXII,0,1,0,0,1,0,1,0,0,1,1,1,0,1,1,1,1,1
85,210,HTTPS://WWW.TWOINCHBRUSH.COM/IMAGES/PAINTING210.PNG,BARN AT SUNSET,7,7,10,HTTPS://WWW.YOUTUBE.COM/EMBED/WT6N0K2ZGNA,0,1,0,1,1,0,1,0,0,1,1,0,0,0,1,1,1,1
86,211,HTTPS://WWW.TWOINCHBRUSH.COM/IMAGES/PAINTING211.PNG,MOUNTAIN SPLENDOR,7,8,11,HTTPS://WWW.YOUTUBE.COM/EMBED/GHOGZMPPUSE,0,1,0,1,1,0,1,0,0,1,0,0,1,1,1,1,1,1
87,212,HTTPS://WWW.TWOINCHBRUSH.COM/IMAGES/PAINTING212.PNG,LAKE BY MOUNTAIN,7,9,11,HTTPS://WWW.YOUTUBE.COM/EMBED/YAIYIRLCQ7O,0,1,0,1,0,0,1,0,0,0,1,1,1,1,1,1,1,1
88,213,HTTPS://WWW.TWOINCHBRUSH.COM/IMAGES/PAINTING213.PNG,MOUNTAIN GLORY,7,10,11,HTTPS://WWW.YOUTUBE.COM/EMBED/0M9PWLHRR2C,0,1,0,1,1,0,1,0,0,1,1,0,1,1,1,1,1,0
89,214,HTTPS://WWW.TWOINCHBRUSH.COM/IMAGES/PAINTING214.PNG,GREY WINTER,7,11,3,HTTPS://WWW.YOUTUBE.COM/EMBED/SS-HNYGDUAK,0,0,0,0,0,0,0,0,0,1,0,0,0,0,1,0,0,1
90,215,HTTPS://WWW.TWOINCHBRUSH.COM/IMAGES/PAINTING215.PNG,DOCK SCENE,7,12,9,HTTPS://WWW.YOUTUBE.COM/EMBED/4KYXKQLZYQM,0,1,0,1,1,0,0,0,0,1,1,0,0,1,1,1,1,0
91,216,HTTPS://WWW.TWOINCHBRUSH.COM/IMAGES/PAINTING216.PNG,DARK WATERFALL,7,13,11,HTTPS://WWW.YOUTUBE.COM/EMBED/VQMBL00EZQW,0,1,0,1,1,0,1,1,0,0,1,0,0,1,1,1,1,1
92,190,HTTPS://WWW.TWOINCHBRUSH.COM/IMAGES/PAINTING190.PNG,MISTY ROLLING HILLS,8,1,10,HTTPS://WWW.YOUTUBE.COM/EMBED/CC5OZEPVKGI,0,1,0,1,0,0,1,0,0,1,1,0,0,1,1,1,1,1
93,191,HTTPS://WWW.TWOINCHBRUSH.COM/IMAGES/PAINTING191.PNG,LAKESIDE CABIN,8,2,12,HTTPS://WWW.YOUTUBE.COM/EMBED/CP6_5CQVZVQ,0,1,0,1,1,0,1,0,0,1,1,1,0,1,1,1,1,1
94,192,HTTPS://WWW.TWOINCHBRUSH.COM/IMAGES/PAINTING192.PNG,WARM WINTER DAY,8,3,10,HTTPS://WWW.YOUTUBE.COM/EMBED/MUJONLWQ1YI,0,1,0,1,1,0,1,0,0,1,1,0,0,0,1,1,1,1
95,193,HTTPS://WWW.TWOINCHBRUSH.COM/IMAGES/PAINTING193.PNG,WATERSIDE WAY,8,4,11,HTTPS://WWW.YOUTUBE.COM/EMBED/UJ5FE70BCB0,0,1,0,1,1,0,1,0,0,1,1,0,0,1,1,1,1,1
96,194,HTTPS://WWW.TWOINCHBRUSH.COM/IMAGES/PAINTING194.PNG,HUNTER'S HAVEN,8,5,11,HTTPS://WWW.YOUTUBE.COM/EMBED/DA4SPYH1ATM,0,1,0,1,1,0,1,0,0,1,0,0,1,1,1,1,1,1
97,195,HTTPS://WWW.TWOINCHBRUSH.COM/IMAGES/PAINTING195.PNG,BUBBLING MOUNTAIN BROOK,8,6,11,HTTPS://WWW.YOUTUBE.COM/EMBED/U2_SKGM3F4A,0,1,0,1,1,0,1,0,0,1,1,0,0,1,1,1,1,1
98,196,HTTPS://WWW.TWOINCHBRUSH.COM/IMAGES/PAINTING196.PNG,WINTER HIDEAWAY,8,7,10,HTTPS://WWW.YOUTUBE.COM/EMBED/19OZ9XHZNZA,0,1,0,1,1,0,1,0,0,1,1,0,0,0,1,1,1,1
99,197,HTTPS://WWW.TWOINCHBRUSH.COM/IMAGES/PAINTING197.PNG,FOOT OF THE MOUNTAIN,8,8,13,HTTPS://WWW.YOUTUBE.COM/EMBED/CIUBUC_ITBC,0,1,0,1,1,0,1,0,0,1,1,1,1,1,1,1,1,1
100,198,HTTPS://WWW.TWOINCHBRUSH.COM/IMAGES/PAINTING198.PNG,MAJESTIC PINE,8,9,11,HTTPS://WWW.YOUTUBE.COM/EMBED/X5COQJ9ZR-C,0,1,0,1,1,0,1,0,0,1,1,0,0,1,1,1,1,1
101,199,HTTPS://WWW.TWOINCHBRUSH.COM/IMAGES/PAINTING199.PNG,CACTUS AT SUNSET,8,10,10,HTTPS://WWW.YOUTUBE.COM/EMBED/XBQD3QHKU24,1,1,0,1,1,0,1,0,0,1,0,0,0,0,1,1,1,1
102,200,HTTPS://WWW.TWOINCHBRUSH.COM/IMAGES/PAINTING200.PNG,MOUNTAIN RANGE,8,11,10,HTTPS://WWW.YOUTUBE.COM/EMBED/V_L6OLF3YHI,0,1,0,1,0,0,1,0,0,0,1,0,1,1,1,1,1,1
103,201,HTTPS://WWW.TWOINCHBRUSH.COM/IMAGES/PAINTING201.PNG,LONELY RETREAT,8,12,10,HTTPS://WWW.YOUTUBE.COM/EMBED/QTDQT_PDLYC,0,1,0,1,1,0,1,0,0,1,1,0,0,0,1,1,1,1
104,202,HTTPS://WWW.TWOINCHBRUSH.COM/IMAGES/PAINTING202.PNG,NORTHERN LIGHTS,8,13,9,HTTPS://WWW.YOUTUBE.COM/EMBED/VGBMONXC9CS,1,1,0,0,1,0,0,0,0,1,1,1,0,0,1,1,0,1
105,177,HTTPS://WWW.TWOINCHBRUSH.COM/IMAGES/PAINTING177.PNG,WINTER EVERGREENS,9,1,9,HTTPS://WWW.YOUTUBE.COM/EMBED/O6L5YPT9CEU,0,1,0,0,1,0,0,0,0,1,1,0,1,0,1,1,1,1
106,178,HTTPS://WWW.TWOINCHBRUSH.COM/IMAGES/PAINTING178.PNG,SURF'S UP,9,2,11,HTTPS://WWW.YOUTUBE.COM/EMBED/ZKXFVYYOBPQ,0,1,0,1,1,0,0,0,1,1,1,0,1,0,1,1,1,1
107,179,HTTPS://WWW.TWOINCHBRUSH.COM/IMAGES/PAINTING179.PNG,RED SUNSET,9,3,11,HTTPS://WWW.YOUTUBE.COM/EMBED/E5JHYI_G-L0,1,1,0,1,1,0,1,0,0,1,1,0,0,0,1,1,1,1
108,180,HTTPS://WWW.TWOINCHBRUSH.COM/IMAGES/PAINTING180.PNG,MEADOW ROAD,9,4,11,HTTPS://WWW.YOUTUBE.COM/EMBED/U5VT_WGM0KG,0,1,0,1,1,0,1,0,0,1,1,0,0,1,1,1,1,1
109,181,HTTPS://WWW.TWOINCHBRUSH.COM/IMAGES/PAINTING181.PNG,WINTER OVAL,9,5,7,HTTPS://WWW.YOUTUBE.COM/EMBED/PYWILM_-SXW,0,1,0,0,1,0,0,0,0,1,1,0,0,0,1,1,0,1
110,182,HTTPS://WWW.TWOINCHBRUSH.COM/IMAGES/PAINTING182.PNG,SECLUDED BEACH,9,6,11,HTTPS://WWW.YOUTUBE.COM/EMBED/WGUCW_KFVZU,1,1,0,1,1,0,0,0,0,1,1,0,1,0,1,1,1,1
111,183,HTTPS://WWW.TWOINCHBRUSH.COM/IMAGES/PAINTING183.PNG,FOREST HILLS,9,7,11,HTTPS://WWW.YOUTUBE.COM/EMBED/E3XW_ZP238U,0,1,0,1,1,0,1,0,0,1,1,0,0,1,1,1,1,1
112,184,HTTPS://WWW.TWOINCHBRUSH.COM/IMAGES/PAINTING184.PNG,LITTLE HOUSE BY THE ROAD,9,8,11,HTTPS://WWW.YOUTUBE.COM/EMBED/3CDG_9GL-5M,0,1,0,1,1,0,1,0,0,1,1,0,0,1,1,1,1,1
113,185,HTTPS://WWW.TWOINCHBRUSH.COM/IMAGES/PAINTING185.PNG,MOUNTAIN PATH,9,9,11,HTTPS://WWW.YOUTUBE.COM/EMBED/E0VUPRKC1N0,0,1,0,1,1,0,1,0,0,1,1,0,0,1,1,1,1,1
114,186,HTTPS://WWW.TWOINCHBRUSH.COM/IMAGES/PAINTING186.PNG,COUNTRY CHARM,9,10,11,HTTPS://WWW.YOUTUBE.COM/EMBED/9WP8NRZCJNW,0,1,0,1,1,0,1,0,0,1,1,0,0,1,1,1,1,1
115,187,HTTPS://WWW.TWOINCHBRUSH.COM/IMAGES/PAINTING187.PNG,NATURE'S PARADISE,9,11,11,HTTPS://WWW.YOUTUBE.COM/EMBED/7YU55PULS2C,0,1,0,1,1,0,1,0,0,1,1,0,0,1,1,1,1,1
116,188,HTTPS://WWW.TWOINCHBRUSH.COM/IMAGES/PAINTING188.PNG,MOUNTAIN BY THE SEA,9,12,13,HTTPS://WWW.YOUTUBE.COM/EMBED/SO--OPB-YUQ,0,1,0,1,1,0,0,0,1,1,1,1,1,1,1,1,1,1
117,189,HTTPS://WWW.TWOINCHBRUSH.COM/IMAGES/PAINTING189.PNG,MOUNTAIN HIDEAWAY,9,13,12,HTTPS://WWW.YOUTUBE.COM/EMBED/Q48EWPRBZVS,1,1,0,1,1,0,1,0,0,1,1,0,0,1,1,1,1,1
118,163,HTTPS://WWW.TWOINCHBRUSH.COM/IMAGES/PAINTING163.PNG,TOWERING PEAKS,10,1,13,HTTPS://WWW.YOUTUBE.COM/EMBED/1S58RW0_LN4,0,1,0,1,1,0,1,0,0,1,1,1,1,1,1,1,1,1
119,164,HTTPS://WWW.TWOINCHBRUSH.COM/IMAGES/PAINTING164.PNG,CABIN AT SUNSET,10,2,12,HTTPS://WWW.YOUTUBE.COM/EMBED/A6WIL3OXNUI,0,1,0,1,1,0,1,0,0,1,1,0,1,1,1,1,1,1
120,165,HTTPS://WWW.TWOINCHBRUSH.COM/IMAGES/PAINTING165.PNG,TWIN FALLS,10,3,12,HTTPS://WWW.YOUTUBE.COM/EMBED/CMWKY8OJRIK,0,1,0,1,1,0,1,0,0,1,1,0,1,1,1,1,1,1
121,166,HTTPS://WWW.TWOINCHBRUSH.COM/IMAGES/PAINTING166.PNG,SECLUDED BRIDGE,10,4,12,HTTPS://WWW.YOUTUBE.COM/EMBED/VRAMRXBB5KI,0,1,0,1,1,0,1,0,0,1,1,0,1,1,1,1,1,1
122,167,HTTPS://WWW.TWOINCHBRUSH.COM/IMAGES/PAINTING167.PNG,OCEAN BREEZE,10,5,12,HTTPS://WWW.YOUTUBE.COM/EMBED/XZMDZFVXRUW,1,1,0,1,1,0,0,0,0,1,1,1,1,0,1,1,1,1
123,168,HTTPS://WWW.TWOINCHBRUSH.COM/IMAGES/PAINTING168.PNG,AUTUMN WOODS,10,6,12,HTTPS://WWW.YOUTUBE.COM/EMBED/VKYMU5Z8CDI,0,1,0,1,1,0,1,0,0,1,1,0,1,1,1,1,1,1
124,170,HTTPS://WWW.TWOINCHBRUSH.COM/IMAGES/PAINTING170.PNG,WINTER SOLITUDE,10,7,7,HTTPS://WWW.YOUTUBE.COM/EMBED/OV4YACQB9CO,0,1,0,0,1,0,0,0,0,1,1,0,0,0,1,1,0,1
125,171,HTTPS://WWW.TWOINCHBRUSH.COM/IMAGES/PAINTING171.PNG,GOLDEN SUNSET,10,8,12,HTTPS://WWW.YOUTUBE.COM/EMBED/CINDYCKERXQ,1,1,0,1,1,0,1,0,0,1,1,0,0,1,1,1,1,1
126,172,HTTPS://WWW.TWOINCHBRUSH.COM/IMAGES/PAINTING172.PNG,MOUNTAIN OVAL,10,9,11,HTTPS://WWW.YOUTUBE.COM/EMBED/QJ6LMTNCT8O,0,1,0,1,1,0,1,0,0,1,1,0,1,1,1,1,1,0
127,173,HTTPS://WWW.TWOINCHBRUSH.COM/IMAGES/PAINTING173.PNG,OCEAN SUNSET,10,10,12,HTTPS://WWW.YOUTUBE.COM/EMBED/OJ_XQTVZF3O,0,1,0,1,1,0,1,0,1,1,1,0,1,0,1,1,1,1
128,174,HTTPS://WWW.TWOINCHBRUSH.COM/IMAGES/PAINTING174.PNG,TRIPLE VIEW,10,11,12,HTTPS://WWW.YOUTUBE.COM/EMBED/ZOTEYLILN5O,0,1,0,1,1,0,1,0,0,1,1,0,1,1,1,1,1,1
129,175,HTTPS://WWW.TWOINCHBRUSH.COM/IMAGES/PAINTING175.PNG,WINTER FROST,10,12,9,HTTPS://WWW.YOUTUBE.COM/EMBED/8SATX-HLKUI,0,1,0,1,1,0,0,0,0,1,1,0,1,0,1,1,0,1
130,176,HTTPS://WWW.TWOINCHBRUSH.COM/IMAGES/PAINTING176.PNG,LAKESIDE CABIN,10,13,12,HTTPS://WWW.YOUTUBE.COM/EMBED/1L_TSFCIB_I,0,1,0,1,1,0,1,0,0,1,1,0,1,1,1,1,1,1
131,150,HTTPS://WWW.TWOINCHBRUSH.COM/IMAGES/PAINTING150.PNG,MOUNTAIN STREAM,11,1,12,HTTPS://WWW.YOUTUBE.COM/EMBED/XDFCJ6BZQIO,0,1,0,1,1,0,1,0,0,1,1,0,1,1,1,1,1,1
132,151,HTTPS://WWW.TWOINCHBRUSH.COM/IMAGES/PAINTING151.PNG,COUNTRY CABIN,11,2,7,HTTPS://WWW.YOUTUBE.COM/EMBED/DKWW2NHPUZW,0,1,0,0,1,0,0,0,0,1,0,0,1,0,1,1,0,1
133,152,HTTPS://WWW.TWOINCHBRUSH.COM/IMAGES/PAINTING152.PNG,DAISY DELIGHT,11,3,10,HTTPS://WWW.YOUTUBE.COM/EMBED/HUHC1RQTVDA,0,0,0,1,1,0,0,0,1,1,1,0,0,1,1,1,1,1
134,153,HTTPS://WWW.TWOINCHBRUSH.COM/IMAGES/PAINTING153.PNG,HIDDEN STREAM,11,4,12,HTTPS://WWW.YOUTUBE.COM/EMBED/JGZTG8FCJ4W,0,1,0,1,1,0,1,0,0,1,1,0,1,1,1,1,1,1
135,154,HTTPS://WWW.TWOINCHBRUSH.COM/IMAGES/PAINTING154.PNG,TOWERING GLACIER,11,5,12,HTTPS://WWW.YOUTUBE.COM/EMBED/67VDGBA3XKG,1,1,0,1,1,0,1,0,0,1,0,0,1,1,1,1,1,1
136,155,HTTPS://WWW.TWOINCHBRUSH.COM/IMAGES/PAINTING155.PNG,OVAL BARN,11,6,6,HTTPS://WWW.YOUTUBE.COM/EMBED/HQBHCIBIDNM,0,1,0,0,1,0,0,0,0,1,0,0,1,0,1,1,0,0
137,156,HTTPS://WWW.TWOINCHBRUSH.COM/IMAGES/PAINTING156.PNG,LAKESIDE PATH,11,7,12,HTTPS://WWW.YOUTUBE.COM/EMBED/1YJGOJOKBZG,0,1,0,1,1,0,1,0,0,1,1,0,1,1,1,1,1,1
138,157,HTTPS://WWW.TWOINCHBRUSH.COM/IMAGES/PAINTING157.PNG,SUNSET OVAL,11,8,11,HTTPS://WWW.YOUTUBE.COM/EMBED/9XG6IZCGOTI,0,1,0,1,1,0,1,0,0,1,1,0,0,1,1,1,1,1
139,158,HTTPS://WWW.TWOINCHBRUSH.COM/IMAGES/PAINTING158.PNG,WINTER BARN,11,9,6,HTTPS://WWW.YOUTUBE.COM/EMBED/_XKN0CEDREO,0,0,0,0,1,0,0,0,0,1,1,0,0,0,1,1,0,1
140,159,HTTPS://WWW.TWOINCHBRUSH.COM/IMAGES/PAINTING159.PNG,SUNSET OVER THE WAVES,11,10,10,HTTPS://WWW.YOUTUBE.COM/EMBED/C4B_B2F1EZG,1,1,0,1,1,0,1,0,0,1,1,0,0,0,1,1,0,1
141,160,HTTPS://WWW.TWOINCHBRUSH.COM/IMAGES/PAINTING160.PNG,GOLDEN GLOW,11,11,8,HTTPS://WWW.YOUTUBE.COM/EMBED/AA8RHTAWACA,0,0,0,1,1,0,1,0,1,0,0,0,1,0,1,1,1,0
142,161,HTTPS://WWW.TWOINCHBRUSH.COM/IMAGES/PAINTING161.PNG,ROADSIDE BARN,11,12,11,HTTPS://WWW.YOUTUBE.COM/EMBED/VJPKHIXVXDA,0,1,0,1,1,0,1,0,0,1,0,0,1,1,1,1,1,1
143,162,HTTPS://WWW.TWOINCHBRUSH.COM/IMAGES/PAINTING162.PNG,HAPPY ACCIDENT,11,13,11,HTTPS://WWW.YOUTUBE.COM/EMBED/FW6ODLNP7_8,0,1,0,1,1,0,1,0,0,1,0,0,1,1,1,1,1,1
144,137,HTTPS://WWW.TWOINCHBRUSH.COM/IMAGES/PAINTING137.PNG,GOLDEN KNOLL,12,1,7,HTTPS://WWW.YOUTUBE.COM/EMBED/-O0BS65EN5W,0,0,0,1,1,0,1,0,0,1,0,0,0,0,1,1,1,0
145,138,HTTPS://WWW.TWOINCHBRUSH.COM/IMAGES/PAINTING138.PNG,MOUNTAIN REFLECTIONS,12,2,12,HTTPS://WWW.YOUTUBE.COM/EMBED/RZYPA4XGSNA,0,1,0,1,1,0,1,0,0,1,1,0,1,1,1,1,1,1
146,139,HTTPS://WWW.TWOINCHBRUSH.COM/IMAGES/PAINTING139.PNG,SECLUDED MOUNTAIN,12,3,13,HTTPS://WWW.YOUTUBE.COM/EMBED/3PZABDOHLSO,0,1,0,1,1,0,1,0,0,1,1,1,1,1,1,1,1,1
147,140,HTTPS://WWW.TWOINCHBRUSH.COM/IMAGES/PAINTING140.PNG,BRIGHT AUTUMN TREES,12,4,13,HTTPS://WWW.YOUTUBE.COM/EMBED/AR-C3H5ZURM,0,1,0,1,1,0,1,1,0,1,0,1,1,1,1,1,1,1
148,141,HTTPS://WWW.TWOINCHBRUSH.COM/IMAGES/PAINTING141.PNG,BLACK SEASCAPE,12,5,9,HTTPS://WWW.YOUTUBE.COM/EMBED/P_ACAN4CBWC,1,1,0,1,1,0,0,0,0,1,1,1,0,0,1,1,0,0
149,142,HTTPS://WWW.TWOINCHBRUSH.COM/IMAGES/PAINTING142.PNG,STEEP MOUNTAINS,12,6,12,HTTPS://WWW.YOUTUBE.COM/EMBED/FRK8_IOYWW4,0,1,0,1,1,0,1,0,0,1,1,0,1,1,1,1,1,1
150,143,HTTPS://WWW.TWOINCHBRUSH.COM/IMAGES/PAINTING143.PNG,QUIET MOUNTAINS RIVER,12,7,12,HTTPS://WWW.YOUTUBE.COM/EMBED/LEIW-FTADZC,0,1,0,1,1,0,1,0,0,1,1,0,1,1,1,1,1,1
151,144,HTTPS://WWW.TWOINCHBRUSH.COM/IMAGES/PAINTING144.PNG,EVENING WATERFALL,12,8,11,HTTPS://WWW.YOUTUBE.COM/EMBED/PUTVF_P4588,1,1,0,1,1,0,1,0,0,1,1,0,0,1,1,1,1,0
152,145,HTTPS://WWW.TWOINCHBRUSH.COM/IMAGES/PAINTING145.PNG,TROPICAL SEASCAPE,12,9,12,HTTPS://WWW.YOUTUBE.COM/EMBED/RRBSBQO9AQI,0,1,0,1,1,0,1,0,1,1,1,0,1,0,1,1,1,1
153,146,HTTPS://WWW.TWOINCHBRUSH.COM/IMAGES/PAINTING146.PNG,MOUNTAIN AT SUNSET,12,10,13,HTTPS://WWW.YOUTUBE.COM/EMBED/HCSCATVIGTW,0,1,0,1,1,0,1,0,1,1,1,0,1,1,1,1,1,1
154,147,HTTPS://WWW.TWOINCHBRUSH.COM/IMAGES/PAINTING147.PNG,SOFT MOUNTAIN GLOW,12,11,12,HTTPS://WWW.YOUTUBE.COM/EMBED/GOGJYHWJXGE,0,1,0,1,1,0,1,0,0,1,1,0,1,1,1,1,1,1
155,148,HTTPS://WWW.TWOINCHBRUSH.COM/IMAGES/PAINTING148.PNG,MOUNTAIN IN AN OVAL,12,12,11,HTTPS://WWW.YOUTUBE.COM/EMBED/1JRPSHS27H8,0,1,0,1,1,0,1,0,0,1,1,0,0,1,1,1,1,1
156,149,HTTPS://WWW.TWOINCHBRUSH.COM/IMAGES/PAINTING149.PNG,WINTER MOUNTAIN,12,13,7,HTTPS://WWW.YOUTUBE.COM/EMBED/46VI20697HI,0,1,0,0,0,0,0,0,0,1,1,0,1,0,1,1,0,1
157,124,HTTPS://WWW.TWOINCHBRUSH.COM/IMAGES/PAINTING124.PNG,ROLLING HILLS,13,1,12,HTTPS://WWW.YOUTUBE.COM/EMBED/H4GYGRT7LEQ,0,1,0,1,1,0,1,0,0,1,1,0,1,1,1,1,1,1
158,125,HTTPS://WWW.TWOINCHBRUSH.COM/IMAGES/PAINTING125.PNG,FROZEN SOLITUDE,13,2,5,HTTPS://WWW.YOUTUBE.COM/EMBED/KNZSSD9ZWLW,0,0,0,0,1,0,0,0,0,1,0,0,1,0,1,1,0,0
159,126,HTTPS://WWW.TWOINCHBRUSH.COM/IMAGES/PAINTING126.PNG,MEADOW BROOK,13,3,13,HTTPS://WWW.YOUTUBE.COM/EMBED/06W8GSWJ2YG,0,1,0,1,1,0,1,0,0,1,1,1,1,1,1,1,1,1
160,127,HTTPS://WWW.TWOINCHBRUSH.COM/IMAGES/PAINTING127.PNG,EVENING AT SUNSET,13,4,12,HTTPS://WWW.YOUTUBE.COM/EMBED/7ZUQTXUDPAI,1,1,0,1,1,0,1,0,0,1,1,0,0,1,1,1,1,1
161,128,HTTPS://WWW.TWOINCHBRUSH.COM/IMAGES/PAINTING128.PNG,MOUNTAIN VIEW,13,5,11,HTTPS://WWW.YOUTUBE.COM/EMBED/DJFNAYDLWPY,0,1,0,1,1,0,1,0,0,1,1,0,0,1,1,1,1,1
162,129,HTTPS://WWW.TWOINCHBRUSH.COM/IMAGES/PAINTING129.PNG,HIDDEN CREEK,13,6,10,HTTPS://WWW.YOUTUBE.COM/EMBED/KMORZ01BM0Y,1,0,0,1,1,0,1,0,0,1,1,0,0,1,1,1,1,0
163,130,HTTPS://WWW.TWOINCHBRUSH.COM/IMAGES/PAINTING130.PNG,PEACEFUL HAVEN,13,7,13,HTTPS://WWW.YOUTUBE.COM/EMBED/J20PZ96E_CE,0,1,0,1,1,0,1,0,0,1,1,1,1,1,1,1,1,1
164,131,HTTPS://WWW.TWOINCHBRUSH.COM/IMAGES/PAINTING131.PNG,MOUNTAIN EXHIBITION,13,8,10,HTTPS://WWW.YOUTUBE.COM/EMBED/BGI3_1QUJ18,0,0,0,1,1,0,1,0,0,1,1,0,0,1,1,1,1,1
165,132,HTTPS://WWW.TWOINCHBRUSH.COM/IMAGES/PAINTING132.PNG,EMERALD WATERS,13,9,9,HTTPS://WWW.YOUTUBE.COM/EMBED/LLUNPQBZW6G,1,0,0,1,1,0,0,0,0,1,0,0,1,1,1,1,1,0
166,133,HTTPS://WWW.TWOINCHBRUSH.COM/IMAGES/PAINTING133.PNG,MOUNTAIN SUMMIT,13,10,12,HTTPS://WWW.YOUTUBE.COM/EMBED/KASGRKFKIPM,0,1,0,1,1,0,1,0,0,1,1,0,1,1,1,1,1,1
167,134,HTTPS://WWW.TWOINCHBRUSH.COM/IMAGES/PAINTING134.PNG,CABIN HIDEAWAY,13,11,10,HTTPS://WWW.YOUTUBE.COM/EMBED/NJTLW2NL1LO,0,1,0,1,1,0,0,0,0,1,1,0,1,0,1,1,1,1
168,135,HTTPS://WWW.TWOINCHBRUSH.COM/IMAGES/PAINTING135.PNG,OVAL ESSENCE,13,12,8,HTTPS://WWW.YOUTUBE.COM/EMBED/Q7WXF_BSEXW,0,0,0,1,1,0,0,0,0,1,1,1,0,0,1,1,0,1
169,136,HTTPS://WWW.TWOINCHBRUSH.COM/IMAGES/PAINTING136.PNG,LOST LAKE,13,13,12,HTTPS://WWW.YOUTUBE.COM/EMBED/9-ATP8XYDM0,0,1,0,1,1,0,1,0,0,1,1,0,1,1,1,1,1,1
170,111,HTTPS://WWW.TWOINCHBRUSH.COM/IMAGES/PAINTING111.PNG,DISTANT MOUNTAINS,14,1,13,HTTPS://WWW.YOUTUBE.COM/EMBED/GPA9UM7QGAG,0,1,0,1,1,0,1,0,0,1,1,1,1,1,1,1,1,1
171,112,HTTPS://WWW.TWOINCHBRUSH.COM/IMAGES/PAINTING112.PNG,MEADOW BROOK SURPRISE,14,2,12,HTTPS://WWW.YOUTUBE.COM/EMBED/OV5OIHTAA10,0,1,0,1,1,0,1,0,0,1,1,0,1,1,1,1,1,1
172,113,HTTPS://WWW.TWOINCHBRUSH.COM/IMAGES/PAINTING113.PNG,MOUNTAIN MOONLIGHT OVAL,14,3,12,HTTPS://WWW.YOUTUBE.COM/EMBED/CIGXQTT6BPM,1,0,0,1,1,0,1,0,0,1,1,0,1,1,1,1,1,1
173,114,HTTPS://WWW.TWOINCHBRUSH.COM/IMAGES/PAINTING114.PNG,SNOWY SOLITUDE,14,4,7,HTTPS://WWW.YOUTUBE.COM/EMBED/1ZRIQGHSFTM,0,0,0,0,1,0,0,0,0,1,1,0,0,0,1,1,1,1
174,115,HTTPS://WWW.TWOINCHBRUSH.COM/IMAGES/PAINTING115.PNG,MOUNTAIN RIVER,14,5,13,HTTPS://WWW.YOUTUBE.COM/EMBED/CNMLKAGI0YM,0,1,0,1,1,0,1,0,0,1,1,1,1,1,1,1,1,1
175,116,HTTPS://WWW.TWOINCHBRUSH.COM/IMAGES/PAINTING116.PNG,GRACEFUL MOUNTAINS,14,6,12,HTTPS://WWW.YOUTUBE.COM/EMBED/0UVE8T-VVVG,0,1,0,1,1,0,1,0,0,1,1,0,1,1,1,1,1,1
176,117,HTTPS://WWW.TWOINCHBRUSH.COM/IMAGES/PAINTING117.PNG,WINDY WAVES,14,7,14,HTTPS://WWW.YOUTUBE.COM/EMBED/Y6GVVJG4HMG,0,1,0,1,1,0,1,1,0,1,1,1,1,1,1,1,1,1
177,118,HTTPS://WWW.TWOINCHBRUSH.COM/IMAGES/PAINTING118.PNG,ON A CLEAR DAY,14,8,11,HTTPS://WWW.YOUTUBE.COM/EMBED/E63CGLN6YAG,0,1,0,1,1,0,1,0,0,1,1,0,1,0,1,1,1,1
178,119,HTTPS://WWW.TWOINCHBRUSH.COM/IMAGES/PAINTING119.PNG,RIVERSIDE ESCAPE OVAL,14,9,13,HTTPS://WWW.YOUTUBE.COM/EMBED/D83REWSGFGO,0,1,0,1,1,0,1,0,0,1,1,1,1,1,1,1,1,1
179,120,HTTPS://WWW.TWOINCHBRUSH.COM/IMAGES/PAINTING120.PNG,SURPRISING FALLS,14,10,13,HTTPS://WWW.YOUTUBE.COM/EMBED/QBCLL1CA7_S,0,1,0,1,1,0,1,0,0,1,1,1,1,1,1,1,1,1
180,121,HTTPS://WWW.TWOINCHBRUSH.COM/IMAGES/PAINTING121.PNG,SHADOW POND,14,11,13,HTTPS://WWW.YOUTUBE.COM/EMBED/BQWJ3KQONPA,1,1,0,1,1,0,1,0,0,1,1,0,1,1,1,1,1,1
181,122,HTTPS://WWW.TWOINCHBRUSH.COM/IMAGES/PAINTING122.PNG,MISTY FOREST OVAL,14,12,12,HTTPS://WWW.YOUTUBE.COM/EMBED/DDU9VQVSPW8,1,1,0,1,1,0,1,0,0,1,1,0,0,1,1,1,1,1
182,123,HTTPS://WWW.TWOINCHBRUSH.COM/IMAGES/PAINTING123.PNG,NATURAL WONDER,14,13,11,HTTPS://WWW.YOUTUBE.COM/EMBED/KNOUTSAIKFU,0,0,0,1,1,0,1,0,0,1,1,0,1,1,1,1,1,1
183,98,HTTPS://WWW.TWOINCHBRUSH.COM/IMAGES/PAINTING98.PNG,SPLENDOR OF WINTER,15,1,10,HTTPS://WWW.YOUTUBE.COM/EMBED/OJVK7GPDHIE,0,1,0,1,1,0,0,0,0,1,1,0,1,0,1,1,1,1
184,99,HTTPS://WWW.TWOINCHBRUSH.COM/IMAGES/PAINTING99.PNG,COLORS OF NATURE,15,2,12,HTTPS://WWW.YOUTUBE.COM/EMBED/ME9IETOOQ4W,0,1,0,1,1,0,1,0,0,1,1,0,1,1,1,1,1,1
185,100,HTTPS://WWW.TWOINCHBRUSH.COM/IMAGES/PAINTING100.PNG,GRANDPA'S BARN,15,3,11,HTTPS://WWW.YOUTUBE.COM/EMBED/IPPU49PYFEA,0,1,0,1,1,0,1,0,0,1,0,0,1,1,1,1,1,1
186,101,HTTPS://WWW.TWOINCHBRUSH.COM/IMAGES/PAINTING101.PNG,PEACEFUL REFLECTIONS,15,4,13,HTTPS://WWW.YOUTUBE.COM/EMBED/GYUH4ILQDHS,0,1,0,1,1,0,1,0,0,1,1,1,1,1,1,1,1,1
187,102,HTTPS://WWW.TWOINCHBRUSH.COM/IMAGES/PAINTING102.PNG,HIDDEN WINTER MOON OVAL,15,5,8,HTTPS://WWW.YOUTUBE.COM/EMBED/YXAMODL6RJE,1,0,0,0,1,0,0,0,0,1,1,0,1,0,1,1,0,1
188,103,HTTPS://WWW.TWOINCHBRUSH.COM/IMAGES/PAINTING103.PNG,WAVES OF WONDER,15,6,12,HTTPS://WWW.YOUTUBE.COM/EMBED/TAYQX_NG-NC,0,1,0,1,1,0,0,0,1,1,1,1,1,0,1,1,1,1
189,104,HTTPS://WWW.TWOINCHBRUSH.COM/IMAGES/PAINTING104.PNG,CABIN BY THE POND,15,7,12,HTTPS://WWW.YOUTUBE.COM/EMBED/TYOO6WEP2AY,0,1,0,1,1,0,1,0,0,1,1,0,1,1,1,1,1,1
190,105,HTTPS://WWW.TWOINCHBRUSH.COM/IMAGES/PAINTING105.PNG,FALL STREAM,15,8,12,HTTPS://WWW.YOUTUBE.COM/EMBED/ZY0OFHDV_L0,0,1,0,1,1,0,1,0,0,1,1,0,1,1,1,1,1,1
191,106,HTTPS://WWW.TWOINCHBRUSH.COM/IMAGES/PAINTING106.PNG,CHRISTMAS EVE SNOW,15,9,9,HTTPS://WWW.YOUTUBE.COM/EMBED/CVQFG2PXK2A,1,0,0,1,1,0,0,0,0,1,1,0,1,0,1,1,0,1
192,107,HTTPS://WWW.TWOINCHBRUSH.COM/IMAGES/PAINTING107.PNG,FOREST DOWN OVAL,15,10,12,HTTPS://WWW.YOUTUBE.COM/EMBED/COSJUFPN2DA,1,1,0,1,1,0,1,0,0,1,1,0,0,1,1,1,1,1
193,108,HTTPS://WWW.TWOINCHBRUSH.COM/IMAGES/PAINTING108.PNG,PATHWAY TO AUTUMN,15,11,12,HTTPS://WWW.YOUTUBE.COM/EMBED/HG5RKC6XIL4,0,1,0,1,1,0,1,0,0,1,1,0,1,1,1,1,1,1
194,109,HTTPS://WWW.TWOINCHBRUSH.COM/IMAGES/PAINTING109.PNG,DEEP FOREST LAKE,15,12,13,HTTPS://WWW.YOUTUBE.COM/EMBED/2BJFMSQJQRW,1,1,0,1,1,0,1,0,0,1,1,0,1,1,1,1,1,1
195,110,HTTPS://WWW.TWOINCHBRUSH.COM/IMAGES/PAINTING110.PNG,PEAKS OF MAJESTY,15,13,11,HTTPS://WWW.YOUTUBE.COM/EMBED/LTB8DN6G6DE,0,0,0,1,1,0,1,0,0,1,1,0,1,1,1,1,1,1
196,84,HTTPS://WWW.TWOINCHBRUSH.COM/IMAGES/PAINTING84.PNG,TWO SEASONS,16,1,13,HTTPS://WWW.YOUTUBE.COM/EMBED/JWVZ0UTLH1I,0,1,0,1,1,0,1,0,0,1,1,1,1,1,1,1,1,1
197,85,HTTPS://WWW.TWOINCHBRUSH.COM/IMAGES/PAINTING85.PNG,NESTLED CABIN,16,2,12,HTTPS://WWW.YOUTUBE.COM/EMBED/L_JN9KN257M,1,1,0,1,1,0,1,0,0,1,1,0,0,1,1,1,1,1
198,86,HTTPS://WWW.TWOINCHBRUSH.COM/IMAGES/PAINTING86.PNG,WINTERTIME DISCOVERY,16,3,11,HTTPS://WWW.YOUTUBE.COM/EMBED/UZYZW3TKCE0,0,1,0,1,1,0,1,0,0,1,1,0,1,0,1,1,1,1
199,87,HTTPS://WWW.TWOINCHBRUSH.COM/IMAGES/PAINTING87.PNG,MOUNTAIN MIRAGE WOOD SHAPE,16,4,12,HTTPS://WWW.YOUTUBE.COM/EMBED/JFCSEW_MZ7A,0,1,0,1,1,0,1,0,0,1,1,0,1,1,1,1,1,1
200,88,HTTPS://WWW.TWOINCHBRUSH.COM/IMAGES/PAINTING88.PNG,DOUBLE OVAL FANTASY,16,5,13,HTTPS://WWW.YOUTUBE.COM/EMBED/4JASLPJZJHM,0,1,0,1,1,0,1,0,0,1,1,1,1,1,1,1,1,1
201,89,HTTPS://WWW.TWOINCHBRUSH.COM/IMAGES/PAINTING89.PNG,CONTEMPLATIVE LADY,16,6,1,HTTPS://WWW.YOUTUBE.COM/EMBED/GNP6WE7QL-S,,,0,0,0,0,0,0,0,0,0,0,0,0,0,0,0,1,0,0
202,90,HTTPS://WWW.TWOINCHBRUSH.COM/IMAGES/PAINTING90.PNG,DEEP WOODS,16,7,10,HTTPS://WWW.YOUTUBE.COM/EMBED/RE5ZVS_YJFE,0,1,0,1,1,0,0,0,0,1,1,0,0,1,1,1,1,1
203,91,HTTPS://WWW.TWOINCHBRUSH.COM/IMAGES/PAINTING91.PNG,HIGH TIDE,16,8,12,HTTPS://WWW.YOUTUBE.COM/EMBED/_IREQ4SICX8,1,1,0,1,1,0,1,0,0,1,1,0,0,1,1,1,1,1
204,93,HTTPS://WWW.TWOINCHBRUSH.COM/IMAGES/PAINTING93.PNG,BARN IN SNOW OVAL,16,9,7,HTTPS://WWW.YOUTUBE.COM/EMBED/WJMI7-G9R-W,0,0,0,0,1,0,0,0,0,1,1,0,0,0,1,1,1,1
205,94,HTTPS://WWW.TWOINCHBRUSH.COM/IMAGES/PAINTING94.PNG,THAT TIME OF YEAR,16,10,9,HTTPS://WWW.YOUTUBE.COM/EMBED/Q5MOLOQOKP0,0,1,0,1,0,0,1,0,0,1,1,0,0,1,1,1,0,1
206,95,HTTPS://WWW.TWOINCHBRUSH.COM/IMAGES/PAINTING95.PNG,WATERFALL WONDER,16,11,11,HTTPS://WWW.YOUTUBE.COM/EMBED/AGHXEPFP-W4,1,0,0,1,1,0,1,0,0,1,1,0,0,1,1,1,1,1
207,96,HTTPS://WWW.TWOINCHBRUSH.COM/IMAGES/PAINTING96.PNG,MIGHTY MOUNTAIN LAKE,16,12,11,HTTPS://WWW.YOUTUBE.COM/EMBED/4VXB2R8YBDE,0,1,0,1,1,0,1,0,0,1,0,0,1,1,1,1,1,1
208,97,HTTPS://WWW.TWOINCHBRUSH.COM/IMAGES/PAINTING97.PNG,WOODED STREAM OVAL,16,13,12,HTTPS://WWW.YOUTUBE.COM/EMBED/-XA2H17Y3HU,1,1,0,1,1,0,1,0,0,1,1,0,0,1,1,1,1,1
209,71,HTTPS://WWW.TWOINCHBRUSH.COM/IMAGES/PAINTING71.PNG,GOLDEN MIST OVAL,17,1,9,HTTPS://WWW.YOUTUBE.COM/EMBED/LHPFAW0K6UM,0,1,0,1,1,0,0,0,0,1,1,0,0,0,1,1,1,1
210,72,HTTPS://WWW.TWOINCHBRUSH.COM/IMAGES/PAINTING72.PNG,THE OLD HOME PLACE,17,2,11,HTTPS://WWW.YOUTUBE.COM/EMBED/EVQCDEIJH2O,0,1,0,1,1,0,1,0,0,1,1,0,0,1,1,1,1,1
211,73,HTTPS://WWW.TWOINCHBRUSH.COM/IMAGES/PAINTING73.PNG,SOOTHING VISTA,17,3,13,HTTPS://WWW.YOUTUBE.COM/EMBED/NQFRLIV0SZ0,1,1,0,1,1,0,1,0,0,1,1,0,1,1,1,1,1,1
212,74,HTTPS://WWW.TWOINCHBRUSH.COM/IMAGES/PAINTING74.PNG,STORMY SEAS,17,4,9,HTTPS://WWW.YOUTUBE.COM/EMBED/LE6AGCR5IBW,0,1,0,1,1,0,0,0,0,1,1,0,0,0,1,1,1,1
213,75,HTTPS://WWW.TWOINCHBRUSH.COM/IMAGES/PAINTING75.PNG,COUNTRY TIME,17,5,13,HTTPS://WWW.YOUTUBE.COM/EMBED/E_BT9RQOGN0,0,1,0,1,1,0,1,0,1,1,1,0,1,1,1,1,1,1
214,76,HTTPS://WWW.TWOINCHBRUSH.COM/IMAGES/PAINTING76.PNG,A MILD WINTER'S DAY,17,6,10,HTTPS://WWW.YOUTUBE.COM/EMBED/BBYO579MMHA,0,1,0,1,1,0,1,0,0,1,1,0,0,0,1,1,1,1
215,77,HTTPS://WWW.TWOINCHBRUSH.COM/IMAGES/PAINTING77.PNG,SPECTACULAR WATERFALL,17,7,15,HTTPS://WWW.YOUTUBE.COM/EMBED/NK-HEBXL2UW,1,1,0,1,1,0,1,0,1,1,1,1,1,1,1,1,1,1
216,78,HTTPS://WWW.TWOINCHBRUSH.COM/IMAGES/PAINTING78.PNG,VIEW FROM THE PARK,17,8,13,HTTPS://WWW.YOUTUBE.COM/EMBED/Q4N90JSOUTY,0,1,0,1,1,0,1,0,0,1,1,1,1,1,1,1,1,1
217,79,HTTPS://WWW.TWOINCHBRUSH.COM/IMAGES/PAINTING79.PNG,LAKE VIEW,17,9,12,HTTPS://WWW.YOUTUBE.COM/EMBED/07ACFZBAOA0,0,1,0,1,1,0,1,0,0,1,1,0,1,1,1,1,1,1
218,80,HTTPS://WWW.TWOINCHBRUSH.COM/IMAGES/PAINTING80.PNG,OLD COUNTRY MILL,17,10,11,HTTPS://WWW.YOUTUBE.COM/EMBED/N8HLFCQACYA,0,1,0,1,1,0,1,0,0,1,1,0,0,1,1,1,1,1
219,81,HTTPS://WWW.TWOINCHBRUSH.COM/IMAGES/PAINTING81.PNG,MORNING WALK,17,11,12,HTTPS://WWW.YOUTUBE.COM/EMBED/PSVGNKQDR2Y,1,1,0,1,1,0,0,0,0,1,1,0,1,1,1,1,1,1
220,82,HTTPS://WWW.TWOINCHBRUSH.COM/IMAGES/PAINTING82.PNG,NATURE'S SPLENDOR,17,12,13,HTTPS://WWW.YOUTUBE.COM/EMBED/UCATI2IWEWK,1,1,0,1,1,0,1,0,0,1,1,0,1,1,1,1,1,1
221,83,HTTPS://WWW.TWOINCHBRUSH.COM/IMAGES/PAINTING83.PNG,MOUNTAIN BEAUTY,17,13,11,HTTPS://WWW.YOUTUBE.COM/EMBED/8P-YEOTMVRW,0,1,0,1,1,0,1,0,0,1,1,0,0,1,1,1,1,1
222,58,HTTPS://WWW.TWOINCHBRUSH.COM/IMAGES/PAINTING58.PNG,HALF-OVAL VIGNETTE,18,1,12,HTTPS://WWW.YOUTUBE.COM/EMBED/UY3FIRY2TOE,0,1,0,1,1,0,1,0,0,1,1,0,1,1,1,1,1,1
223,59,HTTPS://WWW.TWOINCHBRUSH.COM/IMAGES/PAINTING59.PNG,ABSOLUTELY AUTUMN,18,2,11,HTTPS://WWW.YOUTUBE.COM/EMBED/PGPVPIL2UME,0,1,0,1,1,0,1,0,0,1,1,0,0,1,1,1,1,1
224,60,HTTPS://WWW.TWOINCHBRUSH.COM/IMAGES/PAINTING60.PNG,MOUNTAIN SECLUSION,18,3,10,HTTPS://WWW.YOUTUBE.COM/EMBED/EBZKUVBRY54,1,0,0,1,1,0,0,0,1,1,1,0,1,0,1,1,0,1
225,61,HTTPS://WWW.TWOINCHBRUSH.COM/IMAGES/PAINTING61.PNG,CRIMSON OVAL,18,4,12,HTTPS://WWW.YOUTUBE.COM/EMBED/R7Y3IZMFPBM,1,1,0,1,1,0,1,0,0,1,1,0,0,1,1,1,1,1
226,62,HTTPS://WWW.TWOINCHBRUSH.COM/IMAGES/PAINTING62.PNG,AUTUMN EXHIBITION,18,5,11,HTTPS://WWW.YOUTUBE.COM/EMBED/6AFHY2D9LV8,0,1,0,1,1,0,1,0,0,1,1,0,0,1,1,1,1,1
227,63,HTTPS://WWW.TWOINCHBRUSH.COM/IMAGES/PAINTING63.PNG,MAJESTIC PEAKS,18,6,13,HTTPS://WWW.YOUTUBE.COM/EMBED/LILBZLCNNDO,0,1,0,1,1,0,1,0,0,1,1,1,1,1,1,1,1,1
228,64,HTTPS://WWW.TWOINCHBRUSH.COM/IMAGES/PAINTING64.PNG,GOLDEN MORNING MIST,18,7,12,HTTPS://WWW.YOUTUBE.COM/EMBED/RCHXQJ4DHLM,1,1,0,1,1,0,1,0,0,1,1,0,0,1,1,1,1,1
229,65,HTTPS://WWW.TWOINCHBRUSH.COM/IMAGES/PAINTING65.PNG,WINTER LACE,18,8,8,HTTPS://WWW.YOUTUBE.COM/EMBED/WJF_QOQRPCK,0,1,0,0,1,0,0,0,0,1,1,0,1,0,1,1,0,1
230,66,HTTPS://WWW.TWOINCHBRUSH.COM/IMAGES/PAINTING66.PNG,SEASCAPE FANTASY,18,9,11,HTTPS://WWW.YOUTUBE.COM/EMBED/SBBBILRDUSW,1,0,0,1,1,0,1,0,0,1,1,0,0,1,1,1,1,1
231,67,HTTPS://WWW.TWOINCHBRUSH.COM/IMAGES/PAINTING67.PNG,DOUBLE OVAL STREAM,18,10,13,HTTPS://WWW.YOUTUBE.COM/EMBED/RRJNHDR9DMU,0,1,0,1,1,0,1,1,0,1,1,0,1,1,1,1,1,1
232,68,HTTPS://WWW.TWOINCHBRUSH.COM/IMAGES/PAINTING68.PNG,ENCHANTED FOREST,18,11,12,HTTPS://WWW.YOUTUBE.COM/EMBED/IKR7UT9MVBW,1,1,0,1,1,0,1,0,0,1,1,0,0,1,1,1,1,1
233,69,HTTPS://WWW.TWOINCHBRUSH.COM/IMAGES/PAINTING69.PNG,SOUTHWEST SERENITY,18,12,10,HTTPS://WWW.YOUTUBE.COM/EMBED/EVFPPJ5FUMA,0,1,0,1,1,0,0,0,0,1,1,0,0,1,1,1,1,1
234,70,HTTPS://WWW.TWOINCHBRUSH.COM/IMAGES/PAINTING70.PNG,RIPPLING WATERS,18,13,12,HTTPS://WWW.YOUTUBE.COM/EMBED/XVNJBYNSIT0,0,1,0,1,1,0,1,1,0,1,1,0,0,1,1,1,1,1
235,44,HTTPS://WWW.TWOINCHBRUSH.COM/IMAGES/PAINTING44.PNG,SNOWFALL MAGIC,19,1,10,HTTPS://WWW.YOUTUBE.COM/EMBED/1ENWTSRI16O,0,1,0,1,1,0,1,0,0,1,1,0,0,0,1,1,1,1
236,45,HTTPS://WWW.TWOINCHBRUSH.COM/IMAGES/PAINTING45.PNG,QUIET MOUNTAIN LAKE,19,2,14,HTTPS://WWW.YOUTUBE.COM/EMBED/2GQ2V6DCT2I,1,1,0,1,1,0,1,0,1,1,1,0,1,1,1,1,1,1
237,46,HTTPS://WWW.TWOINCHBRUSH.COM/IMAGES/PAINTING46.PNG,FINAL EMBERS OF SUNLIGHT,19,3,12,HTTPS://WWW.YOUTUBE.COM/EMBED/IEFBDK36MUU,0,1,0,1,1,0,1,0,0,1,1,0,1,1,1,1,1,1
238,47,HTTPS://WWW.TWOINCHBRUSH.COM/IMAGES/PAINTING47.PNG,SNOWY MORN,19,4,7,HTTPS://WWW.YOUTUBE.COM/EMBED/IB1TDWLO0KK,0,0,0,0,1,0,0,0,0,1,0,0,1,0,1,1,1,1
239,48,HTTPS://WWW.TWOINCHBRUSH.COM/IMAGES/PAINTING48.PNG,CAMPER'S HAVEN,19,5,11,HTTPS://WWW.YOUTUBE.COM/EMBED/C34WAUGKAT0,0,0,0,1,1,0,1,0,0,1,1,0,1,1,1,1,1,1
240,49,HTTPS://WWW.TWOINCHBRUSH.COM/IMAGES/PAINTING49.PNG,WATERFALL IN THE WOODS,19,6,14,HTTPS://WWW.YOUTUBE.COM/EMBED/UBRKVA7SY1Q,1,1,0,1,1,0,1,0,1,1,1,0,1,1,1,1,1,1
241,50,HTTPS://WWW.TWOINCHBRUSH.COM/IMAGES/PAINTING50.PNG,COVERED BRIDGE OVAL,19,7,10,HTTPS://WWW.YOUTUBE.COM/EMBED/F4IPBH1OHSQ,0,1,0,1,1,0,0,0,0,1,1,0,1,0,1,1,1,1
242,51,HTTPS://WWW.TWOINCHBRUSH.COM/IMAGES/PAINTING51.PNG,SCENIC SECLUSION,19,8,13,HTTPS://WWW.YOUTUBE.COM/EMBED/D50HKQB9JEM,0,1,0,1,1,0,1,0,0,1,1,1,1,1,1,1,1,1
243,52,HTTPS://WWW.TWOINCHBRUSH.COM/IMAGES/PAINTING52.PNG,EBB TIDE,19,9,10,HTTPS://WWW.YOUTUBE.COM/EMBED/MFONA_LN7YS,0,1,0,1,1,0,0,0,1,1,1,0,0,0,1,1,1,1
244,53,HTTPS://WWW.TWOINCHBRUSH.COM/IMAGES/PAINTING53.PNG,AFTER THE RAIN,19,10,12,HTTPS://WWW.YOUTUBE.COM/EMBED/WJ-3CT7RVAI,1,1,0,1,1,0,1,0,0,1,1,0,0,1,1,1,1,1
245,54,HTTPS://WWW.TWOINCHBRUSH.COM/IMAGES/PAINTING54.PNG,WINTER ELEGANCE,19,11,9,HTTPS://WWW.YOUTUBE.COM/EMBED/JJBZZKP_U5E,0,1,0,1,1,0,0,0,0,1,1,0,0,0,1,1,1,1
246,56,HTTPS://WWW.TWOINCHBRUSH.COM/IMAGES/PAINTING56.PNG,EVENING'S PEACE,19,12,10,HTTPS://WWW.YOUTUBE.COM/EMBED/UEUMVWC4O5U,1,0,0,1,1,0,0,0,1,1,1,0,1,0,1,1,0,1
247,57,HTTPS://WWW.TWOINCHBRUSH.COM/IMAGES/PAINTING57.PNG,VALLEY OF TRANQUILITY,19,13,13,HTTPS://WWW.YOUTUBE.COM/EMBED/FNY7JDY5PSE,0,1,0,1,1,0,1,0,0,1,1,1,1,1,1,1,1,1
248,31,HTTPS://WWW.TWOINCHBRUSH.COM/IMAGES/PAINTING31.PNG,MYSTIC MOUNTAIN,20,1,12,HTTPS://WWW.YOUTUBE.COM/EMBED/VLUCWFTUO1A,0,1,0,1,1,0,1,0,0,1,1,0,1,1,1,1,1,1
249,32,HTTPS://WWW.TWOINCHBRUSH.COM/IMAGES/PAINTING32.PNG,NEW DAY'S DAWN,20,2,12,HTTPS://WWW.YOUTUBE.COM/EMBED/VBPDQ0W8YLG,0,1,0,1,1,0,1,0,1,1,1,0,0,1,1,1,1,1
250,33,HTTPS://WWW.TWOINCHBRUSH.COM/IMAGES/PAINTING33.PNG,WINTER IN PASTEL,20,3,9,HTTPS://WWW.YOUTUBE.COM/EMBED/KBNXZRNMOUM,0,1,0,0,1,0,1,0,0,1,1,0,0,0,1,1,1,1
251,34,HTTPS://WWW.TWOINCHBRUSH.COM/IMAGES/PAINTING34.PNG,HAZY DAY,20,4,11,HTTPS://WWW.YOUTUBE.COM/EMBED/5U3G61R35MC,0,1,0,1,1,0,1,0,0,1,1,0,0,1,1,1,1,1
252,35,HTTPS://WWW.TWOINCHBRUSH.COM/IMAGES/PAINTING35.PNG,DIVINE ELEGANCE,20,5,12,HTTPS://WWW.YOUTUBE.COM/EMBED/MB-GWX1S5GS,0,0,0,1,1,0,1,0,0,1,1,1,1,1,1,1,1,1
253,36,HTTPS://WWW.TWOINCHBRUSH.COM/IMAGES/PAINTING36.PNG,CLIFFSIDE,20,6,12,HTTPS://WWW.YOUTUBE.COM/EMBED/P6UY2QOLVGK,1,1,0,1,1,0,1,0,0,1,1,0,0,1,1,1,1,1
254,37,HTTPS://WWW.TWOINCHBRUSH.COM/IMAGES/PAINTING37.PNG,AUTUMN FANTASY,20,7,11,HTTPS://WWW.YOUTUBE.COM/EMBED/FOZIP7VA7DY,0,1,0,1,1,0,1,0,0,1,1,0,0,1,1,1,1,1
255,38,HTTPS://WWW.TWOINCHBRUSH.COM/IMAGES/PAINTING38.PNG,THE OLD OAK TREE,20,8,13,HTTPS://WWW.YOUTUBE.COM/EMBED/DN4HJAN8P5U,1,1,0,1,1,0,1,0,1,1,1,0,0,1,1,1,1,1
256,39,HTTPS://WWW.TWOINCHBRUSH.COM/IMAGES/PAINTING39.PNG,WINTER PARADISE,20,9,6,HTTPS://WWW.YOUTUBE.COM/EMBED/DY1ABV8Z1SQ,0,0,0,0,1,0,0,0,0,1,1,0,1,0,1,0,0,1
257,40,HTTPS://WWW.TWOINCHBRUSH.COM/IMAGES/PAINTING40.PNG,DAYS GONE BY,20,10,12,HTTPS://WWW.YOUTUBE.COM/EMBED/DMYHNHVIDMI,0,1,0,1,1,0,1,0,0,1,1,0,1,1,1,1,1,1
258,41,HTTPS://WWW.TWOINCHBRUSH.COM/IMAGES/PAINTING41.PNG,CHANGE OF SEASONS,20,11,12,HTTPS://WWW.YOUTUBE.COM/EMBED/QBGPU5F2VF8,0,1,0,1,1,0,1,0,0,1,1,0,1,1,1,1,1,1
259,42,HTTPS://WWW.TWOINCHBRUSH.COM/IMAGES/PAINTING42.PNG,HIDDEN DELIGHT,20,12,11,HTTPS://WWW.YOUTUBE.COM/EMBED/ZYPNZDAADT8,0,1,0,1,1,0,1,0,0,1,1,0,0,1,1,1,1,1
260,43,HTTPS://WWW.TWOINCHBRUSH.COM/IMAGES/PAINTING43.PNG,DOUBLE TAKE,20,13,13,HTTPS://WWW.YOUTUBE.COM/EMBED/PPZFGG2K2K4,0,1,0,1,1,0,1,0,0,1,1,1,1,1,1,1,1,1
261,17,HTTPS://WWW.TWOINCHBRUSH.COM/IMAGES/PAINTING17.PNG,VALLEY VIEW,21,1,13,HTTPS://WWW.YOUTUBE.COM/EMBED/PW5ETGIIBRG,1,1,0,1,1,0,1,0,0,1,1,0,1,1,1,1,1,1
262,18,HTTPS://WWW.TWOINCHBRUSH.COM/IMAGES/PAINTING18.PNG,TRANQUIL DAWN,21,2,10,HTTPS://WWW.YOUTUBE.COM/EMBED/4ABDQ6Q-MLM,0,0,0,1,1,0,1,0,1,1,1,0,0,0,1,1,1,1
263,19,HTTPS://WWW.TWOINCHBRUSH.COM/IMAGES/PAINTING19.PNG,ROYAL MAJESTY,21,3,14,HTTPS://WWW.YOUTUBE.COM/EMBED/UBUXBQE6T0U,1,1,0,1,1,0,1,0,1,1,1,0,1,1,1,1,1,1
264,20,HTTPS://WWW.TWOINCHBRUSH.COM/IMAGES/PAINTING20.PNG,SERENITY,21,4,12,HTTPS://WWW.YOUTUBE.COM/EMBED/CRQMO3QDDCO,1,1,0,1,1,0,1,0,0,1,1,0,0,1,1,1,1,1
265,21,HTTPS://WWW.TWOINCHBRUSH.COM/IMAGES/PAINTING21.PNG,CABIN AT TRAILS END,21,5,13,HTTPS://WWW.YOUTUBE.COM/EMBED/GLKLO4KQTRS,1,1,0,1,1,0,1,0,1,1,1,0,0,1,1,1,1,1
266,22,HTTPS://WWW.TWOINCHBRUSH.COM/IMAGES/PAINTING22.PNG,MOUNTAIN RHAPSODY,21,6,8,HTTPS://WWW.YOUTUBE.COM/EMBED/H4VSMKU5T7G,0,0,0,0,1,0,1,0,0,1,1,0,0,0,1,1,1,1
267,23,HTTPS://WWW.TWOINCHBRUSH.COM/IMAGES/PAINTING23.PNG,WILDERNESS CABIN,21,7,14,HTTPS://WWW.YOUTUBE.COM/EMBED/GWEHIACND1E,0,1,0,1,1,0,1,0,1,1,1,1,1,1,1,1,1,1
268,24,HTTPS://WWW.TWOINCHBRUSH.COM/IMAGES/PAINTING24.PNG,BY THE SEA,21,8,13,HTTPS://WWW.YOUTUBE.COM/EMBED/8THHBTK6WWC,1,1,0,1,1,0,1,0,0,1,1,1,0,1,1,1,1,1
269,25,HTTPS://WWW.TWOINCHBRUSH.COM/IMAGES/PAINTING25.PNG,INDIAN SUMMER,21,9,13,HTTPS://WWW.YOUTUBE.COM/EMBED/PFWV8NKOTVU,1,1,0,1,1,0,1,0,0,1,1,0,1,1,1,1,1,1
270,27,HTTPS://WWW.TWOINCHBRUSH.COM/IMAGES/PAINTING27.PNG,BLUE WINTER,21,10,3,HTTPS://WWW.YOUTUBE.COM/EMBED/LIR0GS0SZY0,0,0,0,0,0,0,0,0,0,1,0,0,1,0,1,0,0,0
271,28,HTTPS://WWW.TWOINCHBRUSH.COM/IMAGES/PAINTING28.PNG,DESERT GLOW,21,11,9,HTTPS://WWW.YOUTUBE.COM/EMBED/QYNCJFL_HMU,0,1,0,1,0,0,1,0,0,1,1,0,0,1,1,0,1,1
272,29,HTTPS://WWW.TWOINCHBRUSH.COM/IMAGES/PAINTING29.PNG,LONE MOUNTAIN,21,12,13,HTTPS://WWW.YOUTUBE.COM/EMBED/NJBZIFTLLMU,0,1,0,1,1,0,1,0,0,1,1,1,1,1,1,1,1,1
273,30,HTTPS://WWW.TWOINCHBRUSH.COM/IMAGES/PAINTING30.PNG,FLORIDA'S GLORY,21,13,11,HTTPS://WWW.YOUTUBE.COM/EMBED/HQC5SPN9XHC,0,0,0,1,1,0,0,0,1,1,1,0,1,1,1,1,1,1
274,14,HTTPS://WWW.TWOINCHBRUSH.COM/IMAGES/PAINTING14.PNG,AUTUMN IMAGES,22,1,11,HTTPS://WWW.YOUTUBE.COM/EMBED/HMX34AM6RFG,0,1,0,1,1,1,0,0,0,1,0,0,1,1,1,1,1,1
275,15,HTTPS://WWW.TWOINCHBRUSH.COM/IMAGES/PAINTING15.PNG,HINT OF SPRINGTIME,22,2,13,HTTPS://WWW.YOUTUBE.COM/EMBED/C-OSAHVT8MS,0,1,0,1,1,0,1,0,0,1,1,1,1,1,1,1,1,1
276,16,HTTPS://WWW.TWOINCHBRUSH.COM/IMAGES/PAINTING16.PNG,AROUND THE BEND,22,3,14,HTTPS://WWW.YOUTUBE.COM/EMBED/KL5X3ICOVVW,1,1,0,1,1,0,1,0,0,1,1,1,1,1,1,1,1,1
277,4,HTTPS://WWW.TWOINCHBRUSH.COM/IMAGES/PAINTING4.PNG,COUNTRYSIDE OVAL,22,4,12,HTTPS://WWW.YOUTUBE.COM/EMBED/HDNH5AXK4U0,0,1,0,1,1,0,1,0,0,1,1,0,1,1,1,1,1,1
278,5,HTTPS://WWW.TWOINCHBRUSH.COM/IMAGES/PAINTING5.PNG,RUSSET WINTER,22,5,9,HTTPS://WWW.YOUTUBE.COM/EMBED/AE4NID1P-T0,0,0,0,1,1,0,1,0,0,1,1,0,0,0,1,1,1,1
279,6,HTTPS://WWW.TWOINCHBRUSH.COM/IMAGES/PAINTING6.PNG,PURPLE HAZE,22,6,11,HTTPS://WWW.YOUTUBE.COM/EMBED/ZOJ2TCXWB7G,0,1,0,1,1,0,1,0,0,1,1,0,0,1,1,1,1,1
280,7,HTTPS://WWW.TWOINCHBRUSH.COM/IMAGES/PAINTING7.PNG,DIMENSIONS,22,7,12,HTTPS://WWW.YOUTUBE.COM/EMBED/JUUP75RVZDI,0,1,0,1,1,0,1,0,0,1,1,0,1,1,1,1,1,1
281,8,HTTPS://WWW.TWOINCHBRUSH.COM/IMAGES/PAINTING8.PNG,DEEP WILDERNESS HOME,22,8,12,HTTPS://WWW.YOUTUBE.COM/EMBED/UZWNVDFFBUK,0,1,0,1,1,0,1,0,0,1,1,0,1,1,1,1,1,1
282,9,HTTPS://WWW.TWOINCHBRUSH.COM/IMAGES/PAINTING9.PNG,HAVEN IN THE VALLEY,22,9,13,HTTPS://WWW.YOUTUBE.COM/EMBED/QCCGAM514DS,0,1,0,1,1,0,1,0,0,1,1,1,1,1,1,1,1,1
283,10,HTTPS://WWW.TWOINCHBRUSH.COM/IMAGES/PAINTING10.PNG,WINTERTIME BLUES,22,10,7,HTTPS://WWW.YOUTUBE.COM/EMBED/DBMJVM4IL2Q,0,0,0,0,1,0,0,0,0,1,1,0,1,0,1,1,0,1
284,11,HTTPS://WWW.TWOINCHBRUSH.COM/IMAGES/PAINTING11.PNG,PASTEL SEASCAPE,22,11,11,HTTPS://WWW.YOUTUBE.COM/EMBED/K4AUD_SPFDQ,0,1,0,1,1,0,1,0,0,1,1,0,0,1,1,1,1,1
285,12,HTTPS://WWW.TWOINCHBRUSH.COM/IMAGES/PAINTING12.PNG,COUNTRY CREEK,22,12,13,HTTPS://WWW.YOUTUBE.COM/EMBED/JDA6JPCQY88,1,1,0,1,1,0,1,0,0,1,1,0,1,1,1,1,1,1
286,13,HTTPS://WWW.TWOINCHBRUSH.COM/IMAGES/PAINTING13.PNG,SILENT FOREST,22,13,13,HTTPS://WWW.YOUTUBE.COM/EMBED/AE1GKCL3NUI,1,1,0,1,1,0,1,0,1,1,1,0,0,1,1,1,1,1
287,295,HTTPS://WWW.TWOINCHBRUSH.COM/IMAGES/PAINTING295.PNG,FROSTY WINTER MORN,23,1,8,HTTPS://WWW.YOUTUBE.COM/EMBED/1-9_ENMBQUW,0,0,0,1,0,0,0,0,0,1,1,0,1,1,1,1,0,1
288,296,HTTPS://WWW.TWOINCHBRUSH.COM/IMAGES/PAINTING296.PNG,FOREST EDGE,23,2,12,HTTPS://WWW.YOUTUBE.COM/EMBED/PUGK2IFVVP0,1,1,0,1,1,0,1,0,0,1,0,0,1,1,1,1,1,1
289,297,HTTPS://WWW.TWOINCHBRUSH.COM/IMAGES/PAINTING297.PNG,MOUNTAIN RIDGE LAKE,23,3,12,HTTPS://WWW.YOUTUBE.COM/EMBED/HQ-Z06I6HCS,0,1,0,1,1,0,1,0,0,1,1,0,1,1,1,1,1,1
290,298,HTTPS://WWW.TWOINCHBRUSH.COM/IMAGES/PAINTING298.PNG,REFLECTIONS OF GOLD,23,4,10,HTTPS://WWW.YOUTUBE.COM/EMBED/8F9CCNQJ_1Y,0,1,0,1,1,0,1,0,0,1,0,0,1,0,1,1,1,1
291,299,HTTPS://WWW.TWOINCHBRUSH.COM/IMAGES/PAINTING299.PNG,QUIET COVE,23,5,11,HTTPS://WWW.YOUTUBE.COM/EMBED/CR9HTBSOMX4,0,1,0,1,1,0,1,0,0,1,0,0,1,1,1,1,1,1
292,300,HTTPS://WWW.TWOINCHBRUSH.COM/IMAGES/PAINTING300.PNG,RIVERS PEACE,23,6,13,HTTPS://WWW.YOUTUBE.COM/EMBED/FLCWS9LB4KS,1,1,0,1,1,0,1,0,0,1,1,0,1,1,1,1,1,1
293,301,HTTPS://WWW.TWOINCHBRUSH.COM/IMAGES/PAINTING301.PNG,AT DAWN'S LIGHT,23,7,9,HTTPS://WWW.YOUTUBE.COM/EMBED/HFDTXQEZNIK,0,1,0,1,1,0,0,0,0,1,0,0,1,0,1,1,1,1
294,302,HTTPS://WWW.TWOINCHBRUSH.COM/IMAGES/PAINTING302.PNG,VALLEY WATERFALL,23,8,15,HTTPS://WWW.YOUTUBE.COM/EMBED/VYCSYZZRAE4,1,1,0,1,1,0,1,0,1,1,1,1,1,1,1,1,1,1
295,303,HTTPS://WWW.TWOINCHBRUSH.COM/IMAGES/PAINTING303.PNG,TOWARD DAYS END,23,9,13,HTTPS://WWW.YOUTUBE.COM/EMBED/CFI_FJL40BA,0,1,0,1,1,0,1,0,0,1,1,1,1,1,1,1,1,1
296,304,HTTPS://WWW.TWOINCHBRUSH.COM/IMAGES/PAINTING304.PNG,FALLS IN THE GLEN,23,10,14,HTTPS://WWW.YOUTUBE.COM/EMBED/TXATX-VYVNC,1,1,0,1,1,0,1,0,0,1,1,1,1,1,1,1,1,1
297,305,HTTPS://WWW.TWOINCHBRUSH.COM/IMAGES/PAINTING305.PNG,FROZEN BEAUTY IN VIGNETTE,23,11,9,HTTPS://WWW.YOUTUBE.COM/EMBED/H15KV1WBDG4,0,1,0,0,1,0,0,0,0,1,1,1,1,0,1,1,1,0
298,306,HTTPS://WWW.TWOINCHBRUSH.COM/IMAGES/PAINTING306.PNG,CRIMSON TIDE,23,12,8,HTTPS://WWW.YOUTUBE.COM/EMBED/Y7SDU4I6FCO,0,0,0,1,1,0,0,0,0,1,1,0,0,0,1,1,1,1
299,307,HTTPS://WWW.TWOINCHBRUSH.COM/IMAGES/PAINTING307.PNG,WINTER BLISS,23,13,7,HTTPS://WWW.YOUTUBE.COM/EMBED/YINYWY6ASDQ,0,0,0,0,1,0,0,0,0,1,1,0,1,0,1,1,0,1
300,308,HTTPS://WWW.TWOINCHBRUSH.COM/IMAGES/PAINTING308.PNG,GRAY MOUNTAIN,24,1,13,HTTPS://WWW.YOUTUBE.COM/EMBED/4XXCLVPZ1RE,0,1,0,1,1,0,1,0,0,1,1,1,1,1,1,1,1,1
301,309,HTTPS://WWW.TWOINCHBRUSH.COM/IMAGES/PAINTING309.PNG,WAYSIDE POND,24,2,11,HTTPS://WWW.YOUTUBE.COM/EMBED/FPW2FWK4IOO,1,1,0,0,1,0,0,0,0,1,1,0,1,1,1,1,1,1
302,310,HTTPS://WWW.TWOINCHBRUSH.COM/IMAGES/PAINTING310.PNG,TETON WINTER,24,3,6,HTTPS://WWW.YOUTUBE.COM/EMBED/I4H6TC4CPJY,0,0,0,0,0,0,0,0,0,1,1,0,1,1,1,0,0,1
303,311,HTTPS://WWW.TWOINCHBRUSH.COM/IMAGES/PAINTING311.PNG,LITTLE HOME IN THE MEADOW,24,4,12,HTTPS://WWW.YOUTUBE.COM/EMBED/NU1ZV93N-KI,1,1,0,1,0,0,1,0,1,1,1,0,1,1,1,0,1,1
304,312,HTTPS://WWW.TWOINCHBRUSH.COM/IMAGES/PAINTING312.PNG,A PRETTY AUTUMN DAY,24,5,13,HTTPS://WWW.YOUTUBE.COM/EMBED/HWEDDS3P7XI,1,1,0,1,0,0,1,0,1,1,1,1,1,1,1,0,1,1
305,313,HTTPS://WWW.TWOINCHBRUSH.COM/IMAGES/PAINTING313.PNG,MIRRORED IMAGES,24,6,12,HTTPS://WWW.YOUTUBE.COM/EMBED/I29FRKR1T98,0,1,0,1,1,0,1,0,0,1,1,0,1,1,1,1,1,1
306,314,HTTPS://WWW.TWOINCHBRUSH.COM/IMAGES/PAINTING314.PNG,BACK-COUNTRY PATH,24,7,11,HTTPS://WWW.YOUTUBE.COM/EMBED/2INMOQB1PE8,1,1,0,1,0,0,1,0,0,1,1,0,1,1,1,0,1,1
307,315,HTTPS://WWW.TWOINCHBRUSH.COM/IMAGES/PAINTING315.PNG,GRACEFUL WATERFALL,24,8,15,HTTPS://WWW.YOUTUBE.COM/EMBED/FBH1NA4PMDY,1,1,0,1,1,0,1,0,1,1,1,1,1,1,1,1,1,1
308,316,HTTPS://WWW.TWOINCHBRUSH.COM/IMAGES/PAINTING316.PNG,ICY LAKE,24,9,11,HTTPS://WWW.YOUTUBE.COM/EMBED/AMBDMGTA3L4,0,1,0,1,1,0,1,0,0,1,0,0,1,1,1,1,1,1
309,317,HTTPS://WWW.TWOINCHBRUSH.COM/IMAGES/PAINTING317.PNG,ROWBOAT ON THE BEACH,24,10,8,HTTPS://WWW.YOUTUBE.COM/EMBED/HFVHXOVG43W,0,0,0,1,0,0,0,0,0,1,1,1,0,1,1,0,1,1
310,318,HTTPS://WWW.TWOINCHBRUSH.COM/IMAGES/PAINTING318.PNG,PORTRAIT OF WINTER,24,11,5,HTTPS://WWW.YOUTUBE.COM/EMBED/JLNIUGOUPOA,0,0,0,0,0,0,0,0,0,1,1,0,1,0,1,0,0,1
311,319,HTTPS://WWW.TWOINCHBRUSH.COM/IMAGES/PAINTING319.PNG,THE FOOTBRIDGE,24,12,13,HTTPS://WWW.YOUTUBE.COM/EMBED/RQTDLIGEYTG,0,1,0,1,1,0,1,0,0,1,1,1,1,1,1,1,1,1
312,320,HTTPS://WWW.TWOINCHBRUSH.COM/IMAGES/PAINTING320.PNG,SNOWBOUND CABIN,24,13,8,HTTPS://WWW.YOUTUBE.COM/EMBED/OBSLZWXMDAK,1,0,0,0,0,0,0,0,1,1,1,0,1,1,1,0,0,1
313,321,HTTPS://WWW.TWOINCHBRUSH.COM/IMAGES/PAINTING321.PNG,HIDE A WAY COVE,25,1,13,HTTPS://WWW.YOUTUBE.COM/EMBED/L_HQMYQUC08,0,1,0,1,1,0,1,0,0,1,1,1,1,1,1,1,1,1
314,322,HTTPS://WWW.TWOINCHBRUSH.COM/IMAGES/PAINTING322.PNG,ENCHANTED FALLS OVAL,25,2,6,HTTPS://WWW.YOUTUBE.COM/EMBED/HKLPKQ0LSKA,1,0,0,0,0,0,1,0,0,0,0,0,0,1,1,0,1,1
315,323,HTTPS://WWW.TWOINCHBRUSH.COM/IMAGES/PAINTING323.PNG,NOT QUITE SPRING,25,3,9,HTTPS://WWW.YOUTUBE.COM/EMBED/N_U6X7LEYTM,1,0,0,1,1,0,0,0,0,1,0,0,1,0,1,1,1,1
316,324,HTTPS://WWW.TWOINCHBRUSH.COM/IMAGES/PAINTING324.PNG,SPLASHES OF AUTUMN,25,4,14,HTTPS://WWW.YOUTUBE.COM/EMBED/YCBAMQQ_X8S,1,1,0,1,1,0,1,0,1,1,1,0,1,1,1,1,1,1
317,325,HTTPS://WWW.TWOINCHBRUSH.COM/IMAGES/PAINTING325.PNG,SUMMER IN THE MOUNTAIN,25,5,11,HTTPS://WWW.YOUTUBE.COM/EMBED/GMCXGS38NDC,0,1,0,1,1,0,1,0,0,1,0,0,1,1,1,1,1,1
318,326,HTTPS://WWW.TWOINCHBRUSH.COM/IMAGES/PAINTING326.PNG,ORIENTAL FALLS,25,6,11,HTTPS://WWW.YOUTUBE.COM/EMBED/V8ZNJ8BBMCQ,0,1,0,1,1,0,1,0,0,1,0,0,1,1,1,1,1,1
319,327,HTTPS://WWW.TWOINCHBRUSH.COM/IMAGES/PAINTING327.PNG,AUTUMN PALETTE,25,7,13,HTTPS://WWW.YOUTUBE.COM/EMBED/HWRVW-NGAOY,1,1,0,1,1,0,1,0,1,1,1,0,0,1,1,1,1,1
320,328,HTTPS://WWW.TWOINCHBRUSH.COM/IMAGES/PAINTING328.PNG,CYPRESS SWAMP,25,8,12,HTTPS://WWW.YOUTUBE.COM/EMBED/FDIUHUDQABI,0,1,0,1,1,0,1,0,0,1,1,0,1,1,1,1,1,1
321,329,HTTPS://WWW.TWOINCHBRUSH.COM/IMAGES/PAINTING329.PNG,DOWNSTREAM VIEW,25,9,14,HTTPS://WWW.YOUTUBE.COM/EMBED/KSDPG5HZYNW,1,1,0,1,1,0,1,0,0,1,1,1,1,1,1,1,1,1
322,330,HTTPS://WWW.TWOINCHBRUSH.COM/IMAGES/PAINTING330.PNG,JUST BEFORE THE STORM,25,10,8,HTTPS://WWW.YOUTUBE.COM/EMBED/RH-JKRMRMOA,0,0,0,1,1,0,0,0,0,1,0,0,1,1,1,1,0,1
323,331,HTTPS://WWW.TWOINCHBRUSH.COM/IMAGES/PAINTING331.PNG,FISHERMAN'S PARADISE,25,11,12,HTTPS://WWW.YOUTUBE.COM/EMBED/UJLK85UU5MA,1,1,0,1,1,0,1,0,0,1,0,0,1,1,1,1,1,1
324,332,HTTPS://WWW.TWOINCHBRUSH.COM/IMAGES/PAINTING332.PNG,DESERT HUES,25,12,11,HTTPS://WWW.YOUTUBE.COM/EMBED/UUNNXGVNTUI,0,1,0,1,1,0,1,0,0,1,0,0,1,1,1,1,1,1
325,333,HTTPS://WWW.TWOINCHBRUSH.COM/IMAGES/PAINTING333.PNG,THE PROPERTY LINE,25,13,11,HTTPS://WWW.YOUTUBE.COM/EMBED/IVESI3RU7DU,0,1,0,1,1,0,1,0,0,1,0,0,1,1,1,1,1,1
326,334,HTTPS://WWW.TWOINCHBRUSH.COM/IMAGES/PAINTING334.PNG,IN THE STILLNESS OF MORNING,26,1,10,HTTPS://WWW.YOUTUBE.COM/EMBED/5RFGA1_IJPW,0,0,0,1,1,0,1,0,0,1,0,0,1,1,1,1,1,1
327,335,HTTPS://WWW.TWOINCHBRUSH.COM/IMAGES/PAINTING335.PNG,DELIGHTFUL MEADOW HOME,26,2,9,HTTPS://WWW.YOUTUBE.COM/EMBED/TWOINH2USOS,0,1,0,1,0,0,1,0,0,1,0,0,1,1,1,0,1,1
328,336,HTTPS://WWW.TWOINCHBRUSH.COM/IMAGES/PAINTING336.PNG,FIRST SNOW,26,3,12,HTTPS://WWW.YOUTUBE.COM/EMBED/RAAKJKEO0SK,0,1,0,1,1,0,1,0,0,1,1,0,1,1,1,1,1,1
329,337,HTTPS://WWW.TWOINCHBRUSH.COM/IMAGES/PAINTING337.PNG,LAKE IN THE VALLEY,26,4,15,HTTPS://WWW.YOUTUBE.COM/EMBED/KVJMSRERM20,1,1,0,1,1,0,1,0,1,1,1,1,1,1,1,1,1,1
330,338,HTTPS://WWW.TWOINCHBRUSH.COM/IMAGES/PAINTING338.PNG,A TRACE OF SPRING,26,5,13,HTTPS://WWW.YOUTUBE.COM/EMBED/JMPWJ3U4ZTA,0,1,0,1,1,0,1,0,0,1,1,1,1,1,1,1,1,1
331,339,HTTPS://WWW.TWOINCHBRUSH.COM/IMAGES/PAINTING339.PNG,AN ARCTIC WINTER DAY,26,6,6,HTTPS://WWW.YOUTUBE.COM/EMBED/9BHWLBJD95C,0,0,0,0,1,0,0,0,0,1,0,0,1,0,1,1,0,1
332,340,HTTPS://WWW.TWOINCHBRUSH.COM/IMAGES/PAINTING340.PNG,SNOW BIRCH,26,7,5,HTTPS://WWW.YOUTUBE.COM/EMBED/WKEEMVIOVRM,1,0,0,0,0,0,1,0,0,0,1,0,1,0,1,0,0,0
333,341,HTTPS://WWW.TWOINCHBRUSH.COM/IMAGES/PAINTING341.PNG,EARLY AUTUMN,26,8,12,HTTPS://WWW.YOUTUBE.COM/EMBED/SLQXLFLOQQC,0,1,0,1,1,0,1,0,0,1,1,0,1,1,1,1,1,1
334,342,HTTPS://WWW.TWOINCHBRUSH.COM/IMAGES/PAINTING342.PNG,TRANQUIL WOODED STREAM,26,9,12,HTTPS://WWW.YOUTUBE.COM/EMBED/LSERRM5ZK9C,1,1,0,1,1,0,1,0,0,1,1,0,0,1,1,1,1,1
335,343,HTTPS://WWW.TWOINCHBRUSH.COM/IMAGES/PAINTING343.PNG,PURPLE MOUNTAIN RANGE,26,10,13,HTTPS://WWW.YOUTUBE.COM/EMBED/NKDA_R-XMQA,0,1,0,1,1,0,1,0,0,1,1,1,1,1,1,1,1,1
336,344,HTTPS://WWW.TWOINCHBRUSH.COM/IMAGES/PAINTING344.PNG,STORM'S A COMIN,26,11,10,HTTPS://WWW.YOUTUBE.COM/EMBED/EHD9U-LO2WC,1,1,0,1,1,0,0,0,0,1,1,1,0,0,1,1,0,1
337,345,HTTPS://WWW.TWOINCHBRUSH.COM/IMAGES/PAINTING345.PNG,SUNSET AGLOW,26,12,12,HTTPS://WWW.YOUTUBE.COM/EMBED/GMEZP47VKC0,0,1,0,1,1,0,1,0,0,1,1,0,1,1,1,1,1,1
338,346,HTTPS://WWW.TWOINCHBRUSH.COM/IMAGES/PAINTING346.PNG,EVENING AT THE FALLS,26,13,7,HTTPS://WWW.YOUTUBE.COM/EMBED/RULXVCPGPQW,1,0,0,1,0,0,0,0,1,1,0,0,1,1,1,0,0,0
339,347,HTTPS://WWW.TWOINCHBRUSH.COM/IMAGES/PAINTING347.PNG,TWILIGHT BEAUTY,27,1,11,HTTPS://WWW.YOUTUBE.COM/EMBED/0MJQZZEWYXS,1,1,0,1,1,0,1,0,1,1,1,0,0,0,1,1,0,1
340,348,HTTPS://WWW.TWOINCHBRUSH.COM/IMAGES/PAINTING348.PNG,ANGLER'S HAVEN,27,2,15,HTTPS://WWW.YOUTUBE.COM/EMBED/XLWFCXZ0AIU,0,1,0,1,1,0,1,1,1,1,1,1,1,1,1,1,1,1
341,349,HTTPS://WWW.TWOINCHBRUSH.COM/IMAGES/PAINTING349.PNG,RUSTIC WINTER WOODS,27,3,6,HTTPS://WWW.YOUTUBE.COM/EMBED/3Q8ZI9480LW,0,0,0,1,0,0,1,0,0,1,0,0,0,1,1,0,0,1
342,350,HTTPS://WWW.TWOINCHBRUSH.COM/IMAGES/PAINTING350.PNG,WILDERNESS FALLS,27,4,15,HTTPS://WWW.YOUTUBE.COM/EMBED/GXD0MPX8C6I,0,1,0,1,1,0,1,1,1,1,1,1,1,1,1,1,1,1
343,351,HTTPS://WWW.TWOINCHBRUSH.COM/IMAGES/PAINTING351.PNG,WINTER AT THE FARM,27,5,7,HTTPS://WWW.YOUTUBE.COM/EMBED/LEIVNKNWZ7O,0,0,0,0,1,0,0,0,1,1,0,0,1,0,1,1,0,1
344,352,HTTPS://WWW.TWOINCHBRUSH.COM/IMAGES/PAINTING352.PNG,DAISIES AT DAWN,27,6,8,HTTPS://WWW.YOUTUBE.COM/EMBED/_KKZCIGOCBM,0,1,0,1,0,0,1,0,0,1,0,0,0,1,1,0,1,1
345,353,HTTPS://WWW.TWOINCHBRUSH.COM/IMAGES/PAINTING353.PNG,A SPECTACULAR VIEW,27,7,11,HTTPS://WWW.YOUTUBE.COM/EMBED/7R9HCADT9P4,0,1,0,1,1,0,1,0,0,1,0,0,1,1,1,1,1,1
346,354,HTTPS://WWW.TWOINCHBRUSH.COM/IMAGES/PAINTING354.PNG,DAYBREAK,27,8,7,HTTPS://WWW.YOUTUBE.COM/EMBED/CRWDCTVDMEC,0,0,0,1,1,0,0,0,0,1,0,0,1,0,1,1,0,1
347,355,HTTPS://WWW.TWOINCHBRUSH.COM/IMAGES/PAINTING355.PNG,ISLAND PARADISE,27,9,12,HTTPS://WWW.YOUTUBE.COM/EMBED/CG3XAVHAAS0,0,1,0,1,1,0,1,0,1,1,1,1,0,0,1,1,1,1
348,356,HTTPS://WWW.TWOINCHBRUSH.COM/IMAGES/PAINTING356.PNG,SUNLIGHT IN THE SHADOWS,27,10,7,HTTPS://WWW.YOUTUBE.COM/EMBED/XGJQ0V2D9ME,1,0,0,0,0,0,0,0,1,1,0,0,0,0,1,1,1,1
349,357,HTTPS://WWW.TWOINCHBRUSH.COM/IMAGES/PAINTING357.PNG,SPLENDOR OF A SNOWY WINTER,27,11,9,HTTPS://WWW.YOUTUBE.COM/EMBED/JDXCOXKODWQ,0,0,0,0,1,0,0,1,1,1,1,0,1,0,1,1,0,1
350,358,HTTPS://WWW.TWOINCHBRUSH.COM/IMAGES/PAINTING358.PNG,FOREST RIVER,27,12,14,HTTPS://WWW.YOUTUBE.COM/EMBED/WRBGLR22K0Q,1,1,0,1,1,0,1,0,1,1,1,0,1,1,1,1,1,1
351,359,HTTPS://WWW.TWOINCHBRUSH.COM/IMAGES/PAINTING359.PNG,GOLDEN GLOW OF MORNING,27,13,9,HTTPS://WWW.YOUTUBE.COM/EMBED/QXELMIQZCI0,0,1,0,1,0,0,1,0,0,1,1,0,0,1,1,0,1,1
352,360,HTTPS://WWW.TWOINCHBRUSH.COM/IMAGES/PAINTING360.PNG,FISHERMAN'S TRAIL,28,1,12,HTTPS://WWW.YOUTUBE.COM/EMBED/VNZEPIC2UZU,0,1,0,1,1,0,1,0,0,1,1,0,1,1,1,1,1,1
353,361,HTTPS://WWW.TWOINCHBRUSH.COM/IMAGES/PAINTING361.PNG,A WARM WINTER,28,2,9,HTTPS://WWW.YOUTUBE.COM/EMBED/_TTDW3YNXUO,0,1,0,1,0,0,0,0,0,1,1,0,1,1,1,0,1,1
354,362,HTTPS://WWW.TWOINCHBRUSH.COM/IMAGES/PAINTING362.PNG,UNDER PASTEL SKIES,28,3,12,HTTPS://WWW.YOUTUBE.COM/EMBED/LZODYJS2ZIG,0,1,0,1,1,0,1,0,0,1,1,0,1,1,1,1,1,1
355,363,HTTPS://WWW.TWOINCHBRUSH.COM/IMAGES/PAINTING363.PNG,GOLDEN RAYS OF SUNSHINE,28,4,8,HTTPS://WWW.YOUTUBE.COM/EMBED/ZXJ3XLDNXO0,1,0,0,0,0,0,1,0,1,0,1,0,1,1,1,0,0,1
356,364,HTTPS://WWW.TWOINCHBRUSH.COM/IMAGES/PAINTING364.PNG,THE MAGIC OF FALL,28,5,10,HTTPS://WWW.YOUTUBE.COM/EMBED/BSM3FMEYJ20,0,1,0,1,0,0,1,0,1,1,1,0,0,1,1,0,1,1
357,365,HTTPS://WWW.TWOINCHBRUSH.COM/IMAGES/PAINTING365.PNG,GLACIER LAKE,28,6,12,HTTPS://WWW.YOUTUBE.COM/EMBED/TOHG7F8M3LS,0,1,0,1,1,0,1,0,0,1,1,0,1,1,1,1,1,1
358,366,HTTPS://WWW.TWOINCHBRUSH.COM/IMAGES/PAINTING366.PNG,THE OLD WEATHERED BARN,28,7,9,HTTPS://WWW.YOUTUBE.COM/EMBED/NYUIIBFJ0IQ,0,1,0,1,0,0,1,0,0,1,1,0,0,1,1,0,1,1
359,367,HTTPS://WWW.TWOINCHBRUSH.COM/IMAGES/PAINTING367.PNG,DEEP FOREST FALLS,28,8,13,HTTPS://WWW.YOUTUBE.COM/EMBED/URHQRBRNUYI,1,1,0,1,1,0,1,0,0,1,1,0,1,1,1,1,1,1
360,368,HTTPS://WWW.TWOINCHBRUSH.COM/IMAGES/PAINTING368.PNG,WINTER'S GRACE,28,9,4,HTTPS://WWW.YOUTUBE.COM/EMBED/MXJ2ON9WYVY,0,0,0,0,0,0,0,0,0,1,1,0,1,0,1,0,0,0
361,369,HTTPS://WWW.TWOINCHBRUSH.COM/IMAGES/PAINTING369.PNG,SPLENDOR OF AUTUMN,28,10,11,HTTPS://WWW.YOUTUBE.COM/EMBED/HEYR2FDP-00,0,1,0,1,1,0,1,0,0,1,1,0,0,1,1,1,1,1
362,370,HTTPS://WWW.TWOINCHBRUSH.COM/IMAGES/PAINTING370.PNG,TRANQUIL SEAS,28,11,11,HTTPS://WWW.YOUTUBE.COM/EMBED/KN1DP_YQS-A,1,1,0,1,0,0,1,0,0,1,1,1,0,1,1,0,1,1
363,371,HTTPS://WWW.TWOINCHBRUSH.COM/IMAGES/PAINTING371.PNG,MOUNTAIN SERENITY,28,12,13,HTTPS://WWW.YOUTUBE.COM/EMBED/WC_YVIJYJT4,0,1,0,1,1,0,1,0,0,1,1,1,1,1,1,1,1,1
364,372,HTTPS://WWW.TWOINCHBRUSH.COM/IMAGES/PAINTING372.PNG,HOME BEFORE NIGHTFALL,28,13,8,HTTPS://WWW.YOUTUBE.COM/EMBED/22SIIDVYJEM,0,1,0,1,0,0,0,0,0,1,1,0,0,1,1,0,1,1
365,373,HTTPS://WWW.TWOINCHBRUSH.COM/IMAGES/PAINTING373.PNG,ISLAND IN THE WILDERNESS,29,1,13,HTTPS://WWW.YOUTUBE.COM/EMBED/LLWEXRANQD0,0,1,0,1,1,0,1,0,0,1,1,1,1,1,1,1,1,1
366,374,HTTPS://WWW.TWOINCHBRUSH.COM/IMAGES/PAINTING374.PNG,AUTUMN OVAL,29,2,10,HTTPS://WWW.YOUTUBE.COM/EMBED/2XNIDINWOT0,0,1,0,1,1,0,1,0,0,1,0,0,0,1,1,1,1,1
367,375,HTTPS://WWW.TWOINCHBRUSH.COM/IMAGES/PAINTING375.PNG,SEASONAL PROGRESSION,29,3,13,HTTPS://WWW.YOUTUBE.COM/EMBED/T2G5WAMFQ-G,0,1,0,1,1,0,1,0,0,1,1,1,1,1,1,1,1,1
368,376,HTTPS://WWW.TWOINCHBRUSH.COM/IMAGES/PAINTING376.PNG,LIGHT AT THE SUMMIT,29,4,14,HTTPS://WWW.YOUTUBE.COM/EMBED/HODS-G8P1KE,1,1,0,1,1,0,1,0,1,1,1,0,1,1,1,1,1,1
369,377,HTTPS://WWW.TWOINCHBRUSH.COM/IMAGES/PAINTING377.PNG,COUNTRYSIDE BARN,29,5,12,HTTPS://WWW.YOUTUBE.COM/EMBED/G7ETN7QMEO4,0,1,0,1,1,0,1,0,0,1,1,0,1,1,1,1,1,1
370,378,HTTPS://WWW.TWOINCHBRUSH.COM/IMAGES/PAINTING378.PNG,MOUNTAIN LAKE FALLS,29,6,9,HTTPS://WWW.YOUTUBE.COM/EMBED/DNEP3HOHSDI,0,0,0,1,0,0,0,0,0,1,1,1,1,1,1,1,0,1
371,379,HTTPS://WWW.TWOINCHBRUSH.COM/IMAGES/PAINTING379.PNG,CYPRESS CREEK,29,7,11,HTTPS://WWW.YOUTUBE.COM/EMBED/TNB2CXKKUWM,1,1,0,1,1,0,1,0,0,1,0,0,0,1,1,1,1,1
372,380,HTTPS://WWW.TWOINCHBRUSH.COM/IMAGES/PAINTING380.PNG,TRAPPER'S CABIN,29,8,12,HTTPS://WWW.YOUTUBE.COM/EMBED/CHHCKMP0RG8,0,1,0,1,1,0,1,0,0,1,1,0,1,1,1,1,1,1
373,381,HTTPS://WWW.TWOINCHBRUSH.COM/IMAGES/PAINTING381.PNG,STORM ON THE HORIZON,29,9,9,HTTPS://WWW.YOUTUBE.COM/EMBED/PA_2PAUHBAQ,0,1,0,0,1,0,0,0,0,1,1,0,0,1,1,1,1,1
374,382,HTTPS://WWW.TWOINCHBRUSH.COM/IMAGES/PAINTING382.PNG,POT O' POSIES,29,10,6,HTTPS://WWW.YOUTUBE.COM/EMBED/2ZV_S_UVOVQ,1,1,0,0,0,0,0,0,0,1,0,0,1,1,0,0,0,1
375,383,HTTPS://WWW.TWOINCHBRUSH.COM/IMAGES/PAINTING383.PNG,A PERFECT WINTER DAY,29,11,7,HTTPS://WWW.YOUTUBE.COM/EMBED/IO4FWHACPES,0,0,0,0,1,0,0,0,0,1,1,0,1,0,1,1,0,1
376,384,HTTPS://WWW.TWOINCHBRUSH.COM/IMAGES/PAINTING384.PNG,AURORA'S DANCE,29,12,9,HTTPS://WWW.YOUTUBE.COM/EMBED/IRMSB9VF7GM,0,0,0,0,1,0,0,0,1,1,1,1,1,0,1,1,0,1
377,385,HTTPS://WWW.TWOINCHBRUSH.COM/IMAGES/PAINTING385.PNG,WOODMAN'S RETREAT,29,13,12,HTTPS://WWW.YOUTUBE.COM/EMBED/ODRV0DFQCNS,0,1,0,1,1,0,1,0,0,1,1,0,1,1,1,1,1,1
378,386,HTTPS://WWW.TWOINCHBRUSH.COM/IMAGES/PAINTING386.PNG,BABBLING BROOK,30,1,12,HTTPS://WWW.YOUTUBE.COM/EMBED/ZHUDS0WEAKK,1,1,0,1,1,0,1,0,0,1,1,0,0,1,1,1,1,1
379,387,HTTPS://WWW.TWOINCHBRUSH.COM/IMAGES/PAINTING387.PNG,WOODGRAIN VIEW,30,2,13,HTTPS://WWW.YOUTUBE.COM/EMBED/FCX1YUUSF3O,1,1,0,1,1,0,1,0,1,1,0,0,1,1,1,1,1,1
380,388,HTTPS://WWW.TWOINCHBRUSH.COM/IMAGES/PAINTING388.PNG,WINTER'S PEACE,30,3,10,HTTPS://WWW.YOUTUBE.COM/EMBED/XZV3IIWI1WO,0,1,0,0,1,0,1,0,0,1,1,0,1,0,1,1,1,1
381,389,HTTPS://WWW.TWOINCHBRUSH.COM/IMAGES/PAINTING389.PNG,WILDERNESS TRAIL,30,4,13,HTTPS://WWW.YOUTUBE.COM/EMBED/VGSW_6BCUKU,1,1,0,1,1,0,1,0,1,1,0,0,1,1,1,1,1,1
382,390,HTTPS://WWW.TWOINCHBRUSH.COM/IMAGES/PAINTING390.PNG,A COPPER WINTER,30,5,13,HTTPS://WWW.YOUTUBE.COM/EMBED/BSJEE-OND7W,0,1,0,1,1,0,1,0,1,1,1,0,1,1,1,1,1,1
383,391,HTTPS://WWW.TWOINCHBRUSH.COM/IMAGES/PAINTING391.PNG,MISTY FOOTHILLS,30,6,10,HTTPS://WWW.YOUTUBE.COM/EMBED/LEZ4UVL7POE,0,0,0,1,1,0,1,0,0,1,0,0,1,1,1,1,1,1
384,392,HTTPS://WWW.TWOINCHBRUSH.COM/IMAGES/PAINTING392.PNG,THROUGH THE WINDOW,30,7,7,HTTPS://WWW.YOUTUBE.COM/EMBED/SRN4A9RVXJ0,0,0,0,0,1,0,0,0,0,1,1,0,1,0,1,1,0,1
385,393,HTTPS://WWW.TWOINCHBRUSH.COM/IMAGES/PAINTING393.PNG,HOME IN THE VALLEY,30,8,13,HTTPS://WWW.YOUTUBE.COM/EMBED/ENUTOY-NSZK,0,1,0,1,1,0,1,0,0,1,1,1,1,1,1,1,1,1
386,394,HTTPS://WWW.TWOINCHBRUSH.COM/IMAGES/PAINTING394.PNG,MOUNTAINS OF GRACE,30,9,11,HTTPS://WWW.YOUTUBE.COM/EMBED/NXLU_Q0SR7C,0,1,0,1,1,0,0,0,0,1,1,0,1,1,1,1,1,1
387,395,HTTPS://WWW.TWOINCHBRUSH.COM/IMAGES/PAINTING395.PNG,SEASIDE HARMONY,30,10,12,HTTPS://WWW.YOUTUBE.COM/EMBED/CY6SGFS209E,1,0,0,1,1,0,1,0,1,1,1,0,1,1,1,1,0,1
388,396,HTTPS://WWW.TWOINCHBRUSH.COM/IMAGES/PAINTING396.PNG,A COLD SPRING DAY,30,11,13,HTTPS://WWW.YOUTUBE.COM/EMBED/JQ8BIBPW7DQ,0,1,0,1,1,0,1,0,0,1,1,1,1,1,1,1,1,1
389,397,HTTPS://WWW.TWOINCHBRUSH.COM/IMAGES/PAINTING397.PNG,EVENING'S GLOW,30,12,10,HTTPS://WWW.YOUTUBE.COM/EMBED/ETEKGOI6SVG,0,1,0,1,1,0,1,0,0,1,0,0,0,1,1,1,1,1
390,398,HTTPS://WWW.TWOINCHBRUSH.COM/IMAGES/PAINTING398.PNG,BLUE RIDGE FALLS,30,13,12,HTTPS://WWW.YOUTUBE.COM/EMBED/FZ0YJQTHW84,1,0,0,1,1,0,1,0,0,1,1,0,1,1,1,1,1,1
391,399,HTTPS://WWW.TWOINCHBRUSH.COM/IMAGES/PAINTING399.PNG,REFLECTIONS OF CALM,31,1,12,HTTPS://WWW.YOUTUBE.COM/EMBED/KJFB6RH3Z2A,0,1,0,1,1,0,1,0,0,1,1,0,1,1,1,1,1,1
392,400,HTTPS://WWW.TWOINCHBRUSH.COM/IMAGES/PAINTING400.PNG,BEFORE THE SNOWFALL,31,2,7,HTTPS://WWW.YOUTUBE.COM/EMBED/_MDMHQIOL1Y,0,0,0,0,1,0,0,0,0,1,1,0,1,0,1,1,0,1
393,401,HTTPS://WWW.TWOINCHBRUSH.COM/IMAGES/PAINTING401.PNG,WINDING STREAM,31,3,13,HTTPS://WWW.YOUTUBE.COM/EMBED/QDWD4PMYYUO,0,1,0,1,1,0,1,1,0,1,1,0,1,1,1,1,1,1
394,402,HTTPS://WWW.TWOINCHBRUSH.COM/IMAGES/PAINTING402.PNG,TRANQUILITY COVE,31,4,11,HTTPS://WWW.YOUTUBE.COM/EMBED/7T6UE0PECNE,0,1,0,1,1,0,1,0,0,1,1,0,0,1,1,1,1,1
395,403,HTTPS://WWW.TWOINCHBRUSH.COM/IMAGES/PAINTING403.PNG,CABIN IN THE HOLLOW,31,5,7,HTTPS://WWW.YOUTUBE.COM/EMBED/KYLM2ZJNNWY,0,0,0,0,1,0,0,0,0,1,1,0,1,0,1,1,0,1
396,404,HTTPS://WWW.TWOINCHBRUSH.COM/IMAGES/PAINTING404.PNG,VIEW FROM CLEAR CREEK,31,6,13,HTTPS://WWW.YOUTUBE.COM/EMBED/TLX1BMS8WBE,0,1,0,1,1,0,1,0,0,1,1,1,1,1,1,1,1,1
397,405,HTTPS://WWW.TWOINCHBRUSH.COM/IMAGES/PAINTING405.PNG,BRIDGE TO AUTUMN,31,7,11,HTTPS://WWW.YOUTUBE.COM/EMBED/REENCTH7MYI,0,1,0,1,1,0,1,0,0,1,0,0,1,1,1,1,1,1
398,406,HTTPS://WWW.TWOINCHBRUSH.COM/IMAGES/PAINTING406.PNG,TRAIL'S END,31,8,10,HTTPS://WWW.YOUTUBE.COM/EMBED/XWQRP-WILGC,1,0,0,0,1,0,0,0,1,1,1,0,0,1,1,1,1,1
399,407,HTTPS://WWW.TWOINCHBRUSH.COM/IMAGES/PAINTING407.PNG,EVERGREEN VALLEY,31,9,14,HTTPS://WWW.YOUTUBE.COM/EMBED/MEU0STNFKXI,0,1,0,1,1,0,1,1,0,1,1,1,1,1,1,1,1,1
400,408,HTTPS://WWW.TWOINCHBRUSH.COM/IMAGES/PAINTING408.PNG,BALMY BEACH,31,10,13,HTTPS://WWW.YOUTUBE.COM/EMBED/KMGD6R6C4VE,1,1,0,1,1,0,1,0,1,1,1,1,0,0,1,1,1,1
401,409,HTTPS://WWW.TWOINCHBRUSH.COM/IMAGES/PAINTING409.PNG,LAKE AT THE RIDGE,31,11,12,HTTPS://WWW.YOUTUBE.COM/EMBED/8QWVZEQ69KW,0,1,0,1,1,0,1,0,0,1,1,0,1,1,1,1,1,1
402,410,HTTPS://WWW.TWOINCHBRUSH.COM/IMAGES/PAINTING410.PNG,IN THE MIDST OF WINTER,31,12,7,HTTPS://WWW.YOUTUBE.COM/EMBED/QX2ISMRCS3C,0,0,0,0,1,0,0,0,0,1,1,0,1,0,1,1,0,1
403,411,HTTPS://WWW.TWOINCHBRUSH.COM/IMAGES/PAINTING411.PNG,WILDERNESS DAY,31,13,12,HTTPS://WWW.YOUTUBE.COM/EMBED/NJGCVFN57U8,1,1,0,1,1,0,1,0,0,1,1,0,0,1,1,1,1,1
